# MagicaVoxel @ Ephtracy

# group
o 

# material
mtllib knight.mtl
usemtl palette

# normals
vn -1 0 0
vn 1 0 0
vn 0 0 1
vn 0 0 -1
vn 0 -1 0
vn 0 1 0

# texcoords
vt 0.861328 0.5
vt 0.982422 0.5
vt 0.986328 0.5
vt 0.990234 0.5
vt 0.994141 0.5

# verts
v -1 1.9 0.6
v -1 1.9 0.4
v -1 2 0.6
v -1 2 0.4
v -1 2.2 0.5
v -1 2.2 0.2
v -1 2.3 0.5
v -1 2.3 0.4
v -1 2.3 0.3
v -1 2.3 0.2
v -1 2.4 0.4
v -1 2.4 0.3
v -0.9 1.6 0.8
v -0.9 1.6 0.6
v -0.9 1.7 0.6
v -0.9 1.7 0.5
v -0.9 1.8 0.8
v -0.9 1.8 0.7
v -0.9 1.8 0.5
v -0.9 1.8 0.4
v -0.9 1.9 0.7
v -0.9 1.9 0.6
v -0.9 1.9 0.4
v -0.9 2 0.6
v -0.9 2 0.4
v -0.9 2 0.3
v -0.9 2.1 0.6
v -0.9 2.1 0.3
v -0.9 2.2 0.6
v -0.9 2.2 0.5
v -0.9 2.2 0.2
v -0.9 2.2 0.1
v -0.9 2.3 0.6
v -0.9 2.3 0.5
v -0.9 2.3 0.4
v -0.9 2.3 0.3
v -0.9 2.3 0.2
v -0.9 2.3 0.1
v -0.9 2.4 0.5
v -0.9 2.4 0.4
v -0.9 2.4 0.3
v -0.9 2.4 0.2
v -0.9 2.5 0.4
v -0.9 2.5 0.3
v -0.8 1.6 0.9
v -0.8 1.6 0.8
v -0.8 1.8 0.9
v -0.8 1.8 0.8
v -0.8 1.8 0.7
v -0.8 1.9 0.8
v -0.8 1.9 0.7
v -0.8 1.9 0.6
v -0.8 1.9 0.4
v -0.8 1.9 0.3
v -0.8 2 0.7
v -0.8 2 0.6
v -0.8 2 0.4
v -0.8 2 0.3
v -0.8 2 0.2
v -0.8 2.1 0.4
v -0.8 2.1 0.3
v -0.8 2.1 0.2
v -0.8 2.1 0.1
v -0.8 2.2 0.4
v -0.8 2.2 0.1
v -0.8 2.3 0.6
v -0.8 2.3 0.5
v -0.8 2.3 0.2
v -0.8 2.3 0.1
v -0.8 2.4 0.6
v -0.8 2.4 0.5
v -0.8 2.4 0.4
v -0.8 2.4 0.3
v -0.8 2.4 0.2
v -0.8 2.4 0.1
v -0.8 2.5 0.5
v -0.8 2.5 0.4
v -0.8 2.5 0.3
v -0.8 2.5 0.2
v -0.8 2.5 0.1
v -0.8 2.6 0.3
v -0.8 2.6 0.2
v -0.7 1.6 1
v -0.7 1.6 0.9
v -0.7 1.8 1
v -0.7 1.8 0.9
v -0.7 1.8 0.8
v -0.7 1.9 0.9
v -0.7 1.9 0.8
v -0.7 2.2 0.1
v -0.7 2.2 0
v -0.7 2.3 0
v -0.7 2.3 -0.1
v -0.7 2.4 0.1
v -0.7 2.4 0
v -0.7 2.4 -0.1
v -0.7 2.5 0.2
v -0.7 2.5 0.1
v -0.7 2.5 0
v -0.7 2.6 0.2
v -0.7 2.7 0.2
v -0.7 2.7 0.1
v -0.6 1.1 0.4
v -0.6 1.1 0
v -0.6 1.2 0.5
v -0.6 1.2 0.4
v -0.6 1.2 0
v -0.6 1.2 -0.1
v -0.6 1.3 0.5
v -0.6 1.3 -0.1
v -0.6 1.5 1.1
v -0.6 1.5 1
v -0.6 1.6 1
v -0.6 1.7 1.1
v -0.6 1.7 1
v -0.6 2.2 0.4
v -0.6 2.2 0.3
v -0.6 2.4 0.4
v -0.6 2.4 0.3
v -0.6 2.4 0
v -0.6 2.4 -0.1
v -0.6 2.5 0.1
v -0.6 2.5 0
v -0.6 2.5 -0.1
v -0.6 2.6 0.1
v -0.6 2.6 0
v -0.6 3.2 0.5
v -0.6 3.2 0.3
v -0.6 3.4 0.5
v -0.6 3.4 0.3
v -0.5 -0.9 0.3
v -0.5 -0.9 -0.1
v -0.5 -0.8 0.3
v -0.5 -0.8 0.2
v -0.5 -0.8 0
v -0.5 -0.8 -0.1
v -0.5 -0.7 0.2
v -0.5 -0.7 0
v -0.5 0.8 0.3
v -0.5 0.8 0.1
v -0.5 0.9 0.3
v -0.5 0.9 0.1
v -0.5 1.3 0.5
v -0.5 1.3 -0.1
v -0.5 1.4 1.2
v -0.5 1.4 1.1
v -0.5 1.4 0.5
v -0.5 1.4 0.3
v -0.5 1.4 0
v -0.5 1.4 -0.1
v -0.5 1.5 1.3
v -0.5 1.5 1.2
v -0.5 1.5 1.1
v -0.5 1.5 0.3
v -0.5 1.5 0
v -0.5 1.6 1.3
v -0.5 1.6 1.2
v -0.5 1.7 1.2
v -0.5 1.7 1.1
v -0.5 1.7 1
v -0.5 1.8 1.1
v -0.5 1.8 1
v -0.5 2 0.4
v -0.5 2 -0.2
v -0.5 2.1 0.5
v -0.5 2.1 0.4
v -0.5 2.2 0.4
v -0.5 2.2 0.3
v -0.5 2.2 0
v -0.5 2.3 0.5
v -0.5 2.3 0.4
v -0.5 2.3 0
v -0.5 2.3 -0.1
v -0.5 2.4 0.4
v -0.5 2.4 0.3
v -0.5 2.4 -0.1
v -0.5 2.4 -0.2
v -0.5 2.5 0.4
v -0.5 2.5 0.3
v -0.5 3.2 0.2
v -0.5 3.2 -0.2
v -0.5 3.3 0.6
v -0.5 3.3 0.5
v -0.5 3.3 0.3
v -0.5 3.3 0.2
v -0.5 3.3 -0.1
v -0.5 3.3 -0.2
v -0.5 3.4 0.6
v -0.5 3.4 0.5
v -0.5 3.4 0.3
v -0.5 3.4 -0.1
v -0.4 -0.9 0.4
v -0.4 -0.9 0.3
v -0.4 -0.8 0.4
v -0.4 -0.8 0.3
v -0.4 -0.8 0.2
v -0.4 -0.8 0
v -0.4 -0.8 -0.1
v -0.4 -0.7 0.3
v -0.4 -0.7 0.2
v -0.4 -0.7 0
v -0.4 -0.6 0.2
v -0.4 -0.6 0.1
v -0.4 -0.6 0
v -0.4 -0.6 -0.1
v -0.4 -0.5 0
v -0.4 -0.5 -0.1
v -0.4 -0.3 0.2
v -0.4 -0.3 0.1
v -0.4 -0.1 0.3
v -0.4 -0.1 0.2
v -0.4 -0.1 0
v -0.4 -0.1 -0.1
v -0.4 0.1 0.1
v -0.4 0.1 0
v -0.4 0.2 0.4
v -0.4 0.2 0.3
v -0.4 0.2 0.2
v -0.4 0.2 0.1
v -0.4 0.3 0.2
v -0.4 0.3 0
v -0.4 0.4 0.4
v -0.4 0.4 0.3
v -0.4 0.8 0.4
v -0.4 0.8 0.3
v -0.4 0.8 0.1
v -0.4 0.8 0
v -0.4 0.8 -0.1
v -0.4 0.9 0.4
v -0.4 0.9 0.3
v -0.4 0.9 0.1
v -0.4 0.9 0
v -0.4 0.9 -0.1
v -0.4 1 0.2
v -0.4 1 0
v -0.4 1.1 1.5
v -0.4 1.1 1.4
v -0.4 1.1 0.3
v -0.4 1.1 0.2
v -0.4 1.2 1.5
v -0.4 1.2 1.4
v -0.4 1.3 0.3
v -0.4 1.3 0
v -0.4 1.4 1.1
v -0.4 1.4 1
v -0.4 1.4 0.5
v -0.4 1.4 0.3
v -0.4 1.4 0
v -0.4 1.4 -0.1
v -0.4 1.5 1.4
v -0.4 1.5 1.3
v -0.4 1.5 1.1
v -0.4 1.5 1
v -0.4 1.5 0.5
v -0.4 1.5 0.4
v -0.4 1.5 0.3
v -0.4 1.5 0
v -0.4 1.6 1.4
v -0.4 1.6 1.3
v -0.4 1.6 1.2
v -0.4 1.6 0.4
v -0.4 1.6 0.3
v -0.4 1.6 0
v -0.4 1.6 -0.1
v -0.4 1.7 1.3
v -0.4 1.7 1.2
v -0.4 1.7 0.3
v -0.4 1.7 0
v -0.4 1.8 0.3
v -0.4 1.8 -0.1
v -0.4 1.9 0.4
v -0.4 1.9 0.3
v -0.4 1.9 -0.1
v -0.4 1.9 -0.2
v -0.4 2 0.5
v -0.4 2 0.4
v -0.4 2 -0.2
v -0.4 2.1 0.5
v -0.4 2.1 0.4
v -0.4 2.1 -0.2
v -0.4 2.1 -0.3
v -0.4 2.3 0.5
v -0.4 2.3 0.4
v -0.4 2.3 -0.2
v -0.4 2.3 -0.3
v -0.4 2.4 0.5
v -0.4 2.4 0.4
v -0.4 2.4 -0.1
v -0.4 2.4 -0.2
v -0.4 2.5 0.3
v -0.4 2.5 0.2
v -0.4 2.5 0
v -0.4 2.5 -0.1
v -0.4 2.5 -0.2
v -0.4 2.6 0.3
v -0.4 2.6 0.2
v -0.4 2.6 0
v -0.4 2.6 -0.1
v -0.4 2.7 0.2
v -0.4 2.7 0
v -0.4 3 0.5
v -0.4 3 -0.1
v -0.4 3.1 0.6
v -0.4 3.1 0.5
v -0.4 3.1 -0.1
v -0.4 3.1 -0.2
v -0.4 3.2 0.6
v -0.4 3.2 0.5
v -0.4 3.2 0.3
v -0.4 3.2 0.2
v -0.4 3.2 -0.2
v -0.4 3.3 0.3
v -0.4 3.3 0.2
v -0.4 3.3 -0.1
v -0.4 3.3 -0.2
v -0.4 3.3 -0.3
v -0.4 3.4 0.5
v -0.4 3.4 -0.1
v -0.4 3.4 -0.2
v -0.4 3.4 -0.3
v -0.4 3.5 -0.1
v -0.4 3.5 -0.2
v -0.4 3.6 0.5
v -0.4 3.6 -0.1
v -0.3 -0.6 0
v -0.3 -0.6 -0.1
v -0.3 -0.5 0
v -0.3 -0.5 -0.1
v -0.3 -0.2 0.3
v -0.3 -0.2 0.2
v -0.3 -0.1 0.3
v -0.3 -0.1 0.2
v -0.3 0.7 0
v -0.3 0.7 -0.1
v -0.3 0.8 0
v -0.3 0.8 -0.1
v -0.3 1 1.5
v -0.3 1 1.4
v -0.3 1 -0.1
v -0.3 1 -0.2
v -0.3 1.1 1.5
v -0.3 1.1 1.4
v -0.3 1.3 0.4
v -0.3 1.3 0.3
v -0.3 1.4 0.4
v -0.3 1.4 0.3
v -0.3 1.4 -0.1
v -0.3 1.4 -0.2
v -0.3 1.5 1.5
v -0.3 1.5 1.4
v -0.3 1.5 0.5
v -0.3 1.5 0.4
v -0.3 1.6 1.5
v -0.3 1.6 1.4
v -0.3 1.6 1.3
v -0.3 1.6 0.5
v -0.3 1.6 0.4
v -0.3 1.6 0.3
v -0.3 1.7 1.4
v -0.3 1.7 1.3
v -0.3 1.7 0.4
v -0.3 1.7 0.3
v -0.3 1.7 0
v -0.3 1.7 -0.1
v -0.3 1.8 0.5
v -0.3 1.8 0.3
v -0.3 1.8 -0.1
v -0.3 1.8 -0.2
v -0.3 1.9 0.4
v -0.3 1.9 0.3
v -0.3 1.9 -0.1
v -0.3 1.9 -0.2
v -0.3 2 0.6
v -0.3 2 0.5
v -0.3 2 0.4
v -0.3 2 -0.2
v -0.3 2 -0.3
v -0.3 2.1 -0.2
v -0.3 2.1 -0.3
v -0.3 2.2 0.6
v -0.3 2.2 0.5
v -0.3 2.3 -0.2
v -0.3 2.3 -0.3
v -0.3 2.4 0.5
v -0.3 2.4 0.4
v -0.3 2.4 -0.2
v -0.3 2.4 -0.3
v -0.3 2.5 0.5
v -0.3 2.5 0.4
v -0.3 2.5 0.3
v -0.3 2.6 0.4
v -0.3 2.6 0.3
v -0.3 2.6 0.2
v -0.3 2.7 0.3
v -0.3 2.7 0.2
v -0.3 2.7 0.1
v -0.3 2.8 0.2
v -0.3 2.8 0.1
v -0.3 2.9 0.6
v -0.3 2.9 0.5
v -0.3 2.9 0.4
v -0.3 2.9 -0.1
v -0.3 3 0.5
v -0.3 3 0.4
v -0.3 3 -0.1
v -0.3 3 -0.2
v -0.3 3.1 0.6
v -0.3 3.1 0.5
v -0.3 3.1 -0.1
v -0.3 3.1 -0.2
v -0.3 3.2 -0.2
v -0.3 3.2 -0.3
v -0.3 3.3 0.7
v -0.3 3.3 0.6
v -0.3 3.3 -0.2
v -0.3 3.3 -0.3
v -0.3 3.4 0.7
v -0.3 3.4 0.6
v -0.3 3.4 0.5
v -0.3 3.4 -0.2
v -0.3 3.4 -0.3
v -0.3 3.5 0.6
v -0.3 3.5 0.5
v -0.3 3.5 -0.2
v -0.3 3.5 -0.3
v -0.3 3.6 0.5
v -0.3 3.6 0
v -0.3 3.7 0.5
v -0.3 3.7 0
v -0.2 1 0.4
v -0.2 1 0.3
v -0.2 1 -0.2
v -0.2 1 -0.3
v -0.2 1.2 0.5
v -0.2 1.2 0.4
v -0.2 1.3 0.4
v -0.2 1.3 0.3
v -0.2 1.3 -0.2
v -0.2 1.3 -0.3
v -0.2 1.4 -0.1
v -0.2 1.4 -0.2
v -0.2 1.5 1.6
v -0.2 1.5 1.5
v -0.2 1.5 0.5
v -0.2 1.5 0.4
v -0.2 1.5 -0.1
v -0.2 1.5 -0.2
v -0.2 1.6 1.6
v -0.2 1.6 1.5
v -0.2 1.6 0.5
v -0.2 1.6 0.4
v -0.2 1.6 0
v -0.2 1.6 -0.1
v -0.2 1.7 0.5
v -0.2 1.7 0.4
v -0.2 1.7 0.3
v -0.2 1.7 0
v -0.2 1.7 -0.1
v -0.2 1.8 0.4
v -0.2 1.8 0.3
v -0.2 1.9 0.6
v -0.2 1.9 0.5
v -0.2 2 0.6
v -0.2 2 0.5
v -0.2 2.2 0.6
v -0.2 2.2 0.5
v -0.2 2.3 0.6
v -0.2 2.3 0.5
v -0.2 2.5 0.5
v -0.2 2.5 0.4
v -0.2 2.5 -0.1
v -0.2 2.5 -0.2
v -0.2 2.6 0.5
v -0.2 2.6 0.4
v -0.2 2.6 0.3
v -0.2 2.6 0
v -0.2 2.6 -0.1
v -0.2 2.6 -0.2
v -0.2 2.7 0.4
v -0.2 2.7 0.3
v -0.2 2.7 0.2
v -0.2 2.7 0.1
v -0.2 2.7 0
v -0.2 2.7 -0.1
v -0.2 2.8 0.2
v -0.2 2.8 0.1
v -0.2 2.8 0
v -0.2 2.9 0.5
v -0.2 2.9 0.4
v -0.2 2.9 0.3
v -0.2 2.9 0.1
v -0.2 2.9 -0.1
v -0.2 2.9 -0.2
v -0.2 3 0.5
v -0.2 3 0.4
v -0.2 3 -0.1
v -0.2 3 -0.2
v -0.2 3.1 -0.2
v -0.2 3.1 -0.3
v -0.2 3.2 -0.2
v -0.2 3.2 -0.3
v -0.2 3.5 0.6
v -0.2 3.5 0.5
v -0.2 3.5 -0.1
v -0.2 3.5 -0.2
v -0.2 3.6 0.6
v -0.2 3.6 0.5
v -0.2 3.6 0
v -0.2 3.6 -0.1
v -0.2 3.6 -0.2
v -0.2 3.7 0.5
v -0.2 3.7 0.3
v -0.2 3.7 0
v -0.2 3.7 -0.1
v -0.2 3.8 0.5
v -0.2 3.8 0.3
v -0.1 -0.9 1.5
v -0.1 -0.9 1.4
v -0.1 0.9 0.5
v -0.1 0.9 0.4
v -0.1 0.9 0.3
v -0.1 0.9 -0.3
v -0.1 0.9 -0.4
v -0.1 1 1.5
v -0.1 1 1.4
v -0.1 1 0.4
v -0.1 1 0.3
v -0.1 1 -0.3
v -0.1 1.2 1.5
v -0.1 1.2 1.4
v -0.1 1.2 0.5
v -0.1 1.2 0.4
v -0.1 1.2 -0.3
v -0.1 1.2 -0.4
v -0.1 1.3 -0.2
v -0.1 1.3 -0.3
v -0.1 1.4 -0.2
v -0.1 1.4 -0.3
v -0.1 1.5 1.5
v -0.1 1.5 1.4
v -0.1 1.5 0.5
v -0.1 1.5 0.4
v -0.1 1.5 0
v -0.1 1.5 -0.1
v -0.1 1.6 0.5
v -0.1 1.6 0.4
v -0.1 1.6 0
v -0.1 1.6 -0.1
v -0.1 1.9 -0.2
v -0.1 1.9 -0.3
v -0.1 2 -0.2
v -0.1 2 -0.3
v -0.1 2 -0.5
v -0.1 2 -0.6
v -0.1 2.3 0.6
v -0.1 2.3 0.5
v -0.1 2.4 0.6
v -0.1 2.4 0.5
v -0.1 2.4 -0.2
v -0.1 2.4 -0.3
v -0.1 2.4 -0.4
v -0.1 2.4 -0.5
v -0.1 2.4 -0.6
v -0.1 2.5 -0.2
v -0.1 2.5 -0.3
v -0.1 2.7 0.4
v -0.1 2.7 0.3
v -0.1 2.8 0.1
v -0.1 2.8 0
v -0.1 2.9 0.6
v -0.1 2.9 0.5
v -0.1 2.9 0.4
v -0.1 2.9 0.3
v -0.1 2.9 0.1
v -0.1 2.9 0
v -0.1 2.9 -0.2
v -0.1 2.9 -0.3
v -0.1 2.9 -0.4
v -0.1 2.9 -0.5
v -0.1 3 0.6
v -0.1 3 0.5
v -0.1 3.1 -0.2
v -0.1 3.1 -0.3
v -0.1 3.4 0.7
v -0.1 3.4 0.6
v -0.1 3.5 0.7
v -0.1 3.5 0.6
v -0.1 3.5 -0.3
v -0.1 3.6 0.6
v -0.1 3.6 0.5
v -0.1 3.6 -0.2
v -0.1 3.6 -0.3
v -0.1 3.6 -0.4
v -0.1 3.7 -0.1
v -0.1 3.7 -0.2
v -0.1 3.7 -0.3
v -0.1 3.8 0.6
v -0.1 3.8 0.5
v -0.1 3.8 0.3
v -0.1 3.8 0.2
v -0.1 3.8 0
v -0.1 3.8 -0.1
v -0.1 3.8 -0.2
v -0.1 3.9 0.5
v -0.1 3.9 0.3
v -0.1 3.9 0.2
v -0.1 3.9 0
v -0.1 3.9 -0.1
v -0.1 4 0.2
v -0.1 4 0
v 0.1 -0.9 0.4
v 0.1 -0.9 -0.1
v 0.1 -0.8 0.4
v 0.1 -0.8 0.3
v 0.1 -0.7 0.3
v 0.1 -0.7 0.2
v 0.1 -0.6 0.2
v 0.1 -0.6 0
v 0.1 -0.5 0.1
v 0.1 -0.5 0
v 0.1 -0.3 0.2
v 0.1 -0.3 0.1
v 0.1 -0.1 0.3
v 0.1 -0.1 0.2
v 0.1 -0.1 0
v 0.1 -0.1 -0.1
v 0.1 0.1 0.1
v 0.1 0.1 0
v 0.1 0.2 0.4
v 0.1 0.2 0.3
v 0.1 0.2 0.2
v 0.1 0.2 0.1
v 0.1 0.3 0.2
v 0.1 0.3 0
v 0.1 0.4 0.4
v 0.1 0.4 0.3
v 0.1 0.8 0.4
v 0.1 0.8 0.3
v 0.1 0.8 0
v 0.1 0.8 -0.1
v 0.1 0.9 0.4
v 0.1 0.9 0.3
v 0.1 0.9 0
v 0.1 0.9 -0.1
v 0.1 1 -0.2
v 0.1 1 -0.3
v 0.1 1.1 -0.1
v 0.1 1.1 -0.2
v 0.1 1.1 -0.3
v 0.1 1.2 0.3
v 0.1 1.2 0
v 0.1 1.3 -0.1
v 0.1 1.3 -0.2
v 0.1 1.5 1.6
v 0.1 1.5 1.5
v 0.1 1.5 1.4
v 0.1 1.5 1.3
v 0.1 1.6 1.6
v 0.1 1.6 1.3
v 0.1 1.6 0.5
v 0.1 1.6 0.4
v 0.1 1.6 0
v 0.1 1.6 -0.1
v 0.1 1.7 0.5
v 0.1 1.7 0.4
v 0.1 1.7 0
v 0.1 1.7 -0.1
v 0.1 3.1 0.6
v 0.1 3.1 0.5
v 0.1 3.2 0.6
v 0.1 3.2 0.5
v 0.2 -0.6 0.1
v 0.2 -0.6 0
v 0.2 -0.5 0.1
v 0.2 -0.5 0
v 0.2 -0.2 0.3
v 0.2 -0.2 0.2
v 0.2 -0.1 0.3
v 0.2 -0.1 0.2
v 0.2 0.7 0
v 0.2 0.7 -0.1
v 0.2 0.8 0
v 0.2 0.8 -0.1
v 0.2 1 -0.1
v 0.2 1 -0.2
v 0.2 1.1 -0.1
v 0.2 1.1 -0.2
v 0.2 1.5 1.3
v 0.2 1.5 1
v 0.2 1.5 0.5
v 0.2 1.5 0.4
v 0.2 1.5 0
v 0.2 1.5 -0.1
v 0.2 1.6 1.4
v 0.2 1.6 1.3
v 0.2 1.6 1
v 0.2 1.6 0.5
v 0.2 1.6 0.4
v 0.2 1.6 0
v 0.2 1.6 -0.1
v 0.2 1.7 1.4
v 0.2 1.7 1.3
v 0.2 2.9 0.6
v 0.2 2.9 0.5
v 0.2 3 0.6
v 0.2 3 0.5
v 0.3 1.4 1.2
v 0.3 1.4 1
v 0.3 1.4 0.5
v 0.3 1.4 0.4
v 0.3 1.5 1.2
v 0.3 1.5 1
v 0.3 1.5 0.5
v 0.3 1.5 0.4
v 0.3 1.6 1.3
v 0.3 1.6 1
v 0.3 1.7 1.3
v 0.3 1.7 1
v 0.4 1.3 0.5
v 0.4 1.3 0.3
v 0.4 1.3 0
v 0.4 1.3 -0.1
v 0.4 1.4 0.5
v 0.4 1.4 0.3
v 0.4 1.4 0
v 0.4 1.4 -0.1
v 0.4 1.6 1
v 0.4 1.6 0.9
v 0.4 1.7 1.1
v 0.4 1.7 1
v 0.4 1.8 1.1
v 0.4 1.8 0.9
v 0.5 1.1 0.4
v 0.5 1.1 0
v 0.5 1.2 0.5
v 0.5 1.2 0.4
v 0.5 1.2 0
v 0.5 1.2 -0.1
v 0.5 1.3 0.5
v 0.5 1.3 -0.1
v 0.5 1.6 0.9
v 0.5 1.6 0.8
v 0.5 1.8 0.9
v 0.5 1.8 0.8
v 0.6 1.6 0.8
v 0.6 1.6 0.6
v 0.6 1.7 0.6
v 0.6 1.7 0.5
v 0.6 1.8 0.9
v 0.6 1.8 0.8
v 0.6 1.8 0.5
v 0.6 1.8 0.4
v 0.6 1.9 0.9
v 0.6 1.9 0.6
v 0.6 1.9 0.4
v 0.6 1.9 0.3
v 0.6 2 0.6
v 0.6 2 0.5
v 0.6 2 0.3
v 0.6 2 0.2
v 0.6 2.1 0.5
v 0.6 2.1 0.4
v 0.6 2.1 0.2
v 0.6 2.1 0.1
v 0.6 2.2 0.4
v 0.6 2.2 0.3
v 0.6 2.2 0.1
v 0.6 2.4 0.4
v 0.6 2.4 0.3
v 0.6 2.5 0.4
v 0.6 2.5 0.3
v 0.6 2.5 0.2
v 0.6 2.6 0.3
v 0.6 2.6 0.2
v 0.6 2.6 0.1
v 0.6 2.7 0.2
v 0.6 2.7 0.1
v 0.7 1.9 0.7
v 0.7 1.9 0.6
v 0.7 2 0.7
v 0.7 2 0.6
v 0.7 2 0.5
v 0.7 2.1 0.6
v 0.7 2.1 0.5
v 0.7 2.2 0.6
v 0.7 2.2 0.4
v 0.7 2.2 0.3
v 0.7 2.4 0.6
v 0.7 2.4 0.5
v 0.7 2.4 0.4
v 0.7 2.4 0.3
v 0.7 2.5 0.5
v 0.7 2.5 0.4
v -0.7 1.9 0.7
v -0.7 1.9 0.6
v -0.7 2 0.7
v -0.7 2 0.6
v -0.7 2 0.5
v -0.7 2.1 0.6
v -0.7 2.1 0.5
v -0.7 2.2 0.6
v -0.7 2.2 0.4
v -0.7 2.2 0.3
v -0.7 2.4 0.6
v -0.7 2.4 0.5
v -0.7 2.4 0.4
v -0.7 2.4 0.3
v -0.7 2.5 0.5
v -0.7 2.5 0.4
v -0.6 1.6 0.8
v -0.6 1.6 0.6
v -0.6 1.7 0.6
v -0.6 1.7 0.5
v -0.6 1.8 0.9
v -0.6 1.8 0.8
v -0.6 1.8 0.5
v -0.6 1.8 0.4
v -0.6 1.9 0.9
v -0.6 1.9 0.6
v -0.6 1.9 0.4
v -0.6 1.9 0.3
v -0.6 2 0.6
v -0.6 2 0.5
v -0.6 2 0.3
v -0.6 2 0.2
v -0.6 2.1 0.5
v -0.6 2.1 0.4
v -0.6 2.1 0.2
v -0.6 2.1 0.1
v -0.6 2.2 0.4
v -0.6 2.2 0.3
v -0.6 2.2 0.1
v -0.6 2.4 0.4
v -0.6 2.4 0.3
v -0.6 2.5 0.4
v -0.6 2.5 0.3
v -0.6 2.5 0.2
v -0.6 2.6 0.3
v -0.6 2.6 0.2
v -0.6 2.6 0.1
v -0.6 2.7 0.2
v -0.6 2.7 0.1
v -0.5 1.1 0.4
v -0.5 1.1 0
v -0.5 1.2 0.5
v -0.5 1.2 0.4
v -0.5 1.2 0
v -0.5 1.2 -0.1
v -0.5 1.3 0.5
v -0.5 1.3 -0.1
v -0.5 1.6 0.9
v -0.5 1.6 0.8
v -0.5 1.8 0.9
v -0.5 1.8 0.8
v -0.4 1.3 0.5
v -0.4 1.3 0.3
v -0.4 1.3 0
v -0.4 1.3 -0.1
v -0.4 1.4 0.5
v -0.4 1.4 0.3
v -0.4 1.4 0
v -0.4 1.4 -0.1
v -0.4 1.6 1
v -0.4 1.6 0.9
v -0.4 1.7 1.1
v -0.4 1.7 1
v -0.4 1.8 1.1
v -0.4 1.8 0.9
v -0.3 1.4 1.2
v -0.3 1.4 1
v -0.3 1.4 0.5
v -0.3 1.4 0.4
v -0.3 1.5 1.2
v -0.3 1.5 1
v -0.3 1.5 0.5
v -0.3 1.5 0.4
v -0.3 1.6 1.3
v -0.3 1.6 1
v -0.3 1.7 1.3
v -0.3 1.7 1
v -0.2 -0.6 0.1
v -0.2 -0.6 0
v -0.2 -0.5 0.1
v -0.2 -0.5 0
v -0.2 -0.2 0.3
v -0.2 -0.2 0.2
v -0.2 -0.1 0.3
v -0.2 -0.1 0.2
v -0.2 0.7 0
v -0.2 0.7 -0.1
v -0.2 0.8 0
v -0.2 0.8 -0.1
v -0.2 1 -0.1
v -0.2 1 -0.2
v -0.2 1.1 -0.1
v -0.2 1.1 -0.2
v -0.2 1.5 1.3
v -0.2 1.5 1
v -0.2 1.5 0.5
v -0.2 1.5 0.4
v -0.2 1.5 0
v -0.2 1.5 -0.1
v -0.2 1.6 1.4
v -0.2 1.6 1.3
v -0.2 1.6 1
v -0.2 1.6 0.5
v -0.2 1.6 0.4
v -0.2 1.6 0
v -0.2 1.6 -0.1
v -0.2 1.7 1.4
v -0.2 1.7 1.3
v -0.2 2.9 0.6
v -0.2 2.9 0.5
v -0.2 3 0.6
v -0.2 3 0.5
v -0.1 -0.9 0.4
v -0.1 -0.9 -0.1
v -0.1 -0.8 0.4
v -0.1 -0.8 0.3
v -0.1 -0.7 0.3
v -0.1 -0.7 0.2
v -0.1 -0.6 0.2
v -0.1 -0.6 0
v -0.1 -0.5 0.1
v -0.1 -0.5 0
v -0.1 -0.3 0.2
v -0.1 -0.3 0.1
v -0.1 -0.1 0.3
v -0.1 -0.1 0.2
v -0.1 -0.1 0
v -0.1 -0.1 -0.1
v -0.1 0.1 0.1
v -0.1 0.1 0
v -0.1 0.2 0.4
v -0.1 0.2 0.3
v -0.1 0.2 0.2
v -0.1 0.2 0.1
v -0.1 0.3 0.2
v -0.1 0.3 0
v -0.1 0.4 0.4
v -0.1 0.4 0.3
v -0.1 0.8 0.4
v -0.1 0.8 0.3
v -0.1 0.8 0
v -0.1 0.8 -0.1
v -0.1 0.9 0.4
v -0.1 0.9 0.3
v -0.1 0.9 0
v -0.1 0.9 -0.1
v -0.1 1 -0.2
v -0.1 1 -0.3
v -0.1 1.1 -0.1
v -0.1 1.1 -0.2
v -0.1 1.1 -0.3
v -0.1 1.2 0.3
v -0.1 1.2 0
v -0.1 1.3 -0.1
v -0.1 1.3 -0.2
v -0.1 1.5 1.6
v -0.1 1.5 1.5
v -0.1 1.5 1.4
v -0.1 1.5 1.3
v -0.1 1.6 1.6
v -0.1 1.6 1.3
v -0.1 1.6 0.5
v -0.1 1.6 0.4
v -0.1 1.6 0
v -0.1 1.6 -0.1
v -0.1 1.7 0.5
v -0.1 1.7 0.4
v -0.1 1.7 0
v -0.1 1.7 -0.1
v -0.1 3.1 0.6
v -0.1 3.1 0.5
v -0.1 3.2 0.6
v -0.1 3.2 0.5
v 0 2 -0.5
v 0 2 -0.6
v 0 2.4 -0.4
v 0 2.4 -0.5
v 0 2.4 -0.6
v 0 2.9 -0.3
v 0 2.9 -0.4
v 0 2.9 -0.5
v 0 3.5 -0.3
v 0 3.6 -0.2
v 0 3.6 -0.3
v 0 3.6 -0.4
v 0 3.7 -0.1
v 0 3.7 -0.2
v 0 3.7 -0.3
v 0 3.8 0.3
v 0 3.8 0.2
v 0 3.8 0
v 0 3.8 -0.1
v 0 3.8 -0.2
v 0 3.9 0.3
v 0 3.9 0.2
v 0 3.9 0
v 0 3.9 -0.1
v 0 4 0.2
v 0 4 0
v 0.1 -0.9 1.5
v 0.1 -0.9 1.4
v 0.1 0.9 0.5
v 0.1 0.9 0.4
v 0.1 0.9 0.3
v 0.1 0.9 -0.3
v 0.1 0.9 -0.4
v 0.1 1 1.5
v 0.1 1 1.4
v 0.1 1 0.4
v 0.1 1 0.3
v 0.1 1 -0.3
v 0.1 1.2 1.5
v 0.1 1.2 1.4
v 0.1 1.2 0.5
v 0.1 1.2 0.4
v 0.1 1.2 -0.3
v 0.1 1.2 -0.4
v 0.1 1.3 -0.2
v 0.1 1.3 -0.3
v 0.1 1.4 -0.2
v 0.1 1.4 -0.3
v 0.1 1.5 1.5
v 0.1 1.5 1.4
v 0.1 1.5 0.5
v 0.1 1.5 0.4
v 0.1 1.5 0
v 0.1 1.5 -0.1
v 0.1 1.6 0.5
v 0.1 1.6 0.4
v 0.1 1.6 0
v 0.1 1.6 -0.1
v 0.1 1.9 -0.2
v 0.1 1.9 -0.3
v 0.1 2 -0.2
v 0.1 2 -0.3
v 0.1 2.3 0.6
v 0.1 2.3 0.5
v 0.1 2.4 0.6
v 0.1 2.4 0.5
v 0.1 2.4 -0.2
v 0.1 2.4 -0.3
v 0.1 2.5 -0.2
v 0.1 2.5 -0.3
v 0.1 2.7 0.4
v 0.1 2.7 0.3
v 0.1 2.8 0.1
v 0.1 2.8 0
v 0.1 2.9 0.6
v 0.1 2.9 0.5
v 0.1 2.9 0.4
v 0.1 2.9 0.3
v 0.1 2.9 0.1
v 0.1 2.9 0
v 0.1 2.9 -0.2
v 0.1 2.9 -0.3
v 0.1 3 0.6
v 0.1 3 0.5
v 0.1 3.1 -0.2
v 0.1 3.1 -0.3
v 0.1 3.4 0.7
v 0.1 3.4 0.6
v 0.1 3.5 0.7
v 0.1 3.5 0.6
v 0.1 3.6 0.6
v 0.1 3.6 0.5
v 0.1 3.8 0.6
v 0.1 3.8 0.5
v 0.1 3.8 0.3
v 0.1 3.9 0.5
v 0.1 3.9 0.3
v 0.2 1 0.4
v 0.2 1 0.3
v 0.2 1 -0.2
v 0.2 1 -0.3
v 0.2 1.2 0.5
v 0.2 1.2 0.4
v 0.2 1.3 0.4
v 0.2 1.3 0.3
v 0.2 1.3 -0.2
v 0.2 1.3 -0.3
v 0.2 1.4 -0.1
v 0.2 1.4 -0.2
v 0.2 1.5 1.6
v 0.2 1.5 1.5
v 0.2 1.5 0.5
v 0.2 1.5 0.4
v 0.2 1.5 -0.1
v 0.2 1.5 -0.2
v 0.2 1.6 1.6
v 0.2 1.6 1.5
v 0.2 1.6 0.5
v 0.2 1.6 0.4
v 0.2 1.6 0
v 0.2 1.6 -0.1
v 0.2 1.7 0.5
v 0.2 1.7 0.4
v 0.2 1.7 0.3
v 0.2 1.7 0
v 0.2 1.7 -0.1
v 0.2 1.8 0.4
v 0.2 1.8 0.3
v 0.2 1.9 0.6
v 0.2 1.9 0.5
v 0.2 2 0.6
v 0.2 2 0.5
v 0.2 2.2 0.6
v 0.2 2.2 0.5
v 0.2 2.3 0.6
v 0.2 2.3 0.5
v 0.2 2.5 0.5
v 0.2 2.5 0.4
v 0.2 2.5 -0.1
v 0.2 2.5 -0.2
v 0.2 2.6 0.5
v 0.2 2.6 0.4
v 0.2 2.6 0.3
v 0.2 2.6 0
v 0.2 2.6 -0.1
v 0.2 2.6 -0.2
v 0.2 2.7 0.4
v 0.2 2.7 0.3
v 0.2 2.7 0.2
v 0.2 2.7 0.1
v 0.2 2.7 0
v 0.2 2.7 -0.1
v 0.2 2.8 0.2
v 0.2 2.8 0.1
v 0.2 2.8 0
v 0.2 2.9 0.5
v 0.2 2.9 0.4
v 0.2 2.9 0.3
v 0.2 2.9 0.1
v 0.2 2.9 -0.1
v 0.2 2.9 -0.2
v 0.2 3 0.5
v 0.2 3 0.4
v 0.2 3 -0.1
v 0.2 3 -0.2
v 0.2 3.1 -0.2
v 0.2 3.1 -0.3
v 0.2 3.2 -0.2
v 0.2 3.2 -0.3
v 0.2 3.5 0.6
v 0.2 3.5 0.5
v 0.2 3.5 -0.1
v 0.2 3.5 -0.2
v 0.2 3.6 0.6
v 0.2 3.6 0.5
v 0.2 3.6 0
v 0.2 3.6 -0.1
v 0.2 3.6 -0.2
v 0.2 3.7 0.5
v 0.2 3.7 0.3
v 0.2 3.7 0
v 0.2 3.7 -0.1
v 0.2 3.8 0.5
v 0.2 3.8 0.3
v 0.3 -0.6 0
v 0.3 -0.6 -0.1
v 0.3 -0.5 0
v 0.3 -0.5 -0.1
v 0.3 -0.2 0.3
v 0.3 -0.2 0.2
v 0.3 -0.1 0.3
v 0.3 -0.1 0.2
v 0.3 0.7 0
v 0.3 0.7 -0.1
v 0.3 0.8 0
v 0.3 0.8 -0.1
v 0.3 1 1.5
v 0.3 1 1.4
v 0.3 1 -0.1
v 0.3 1 -0.2
v 0.3 1.1 1.5
v 0.3 1.1 1.4
v 0.3 1.3 0.4
v 0.3 1.3 0.3
v 0.3 1.4 0.4
v 0.3 1.4 0.3
v 0.3 1.4 -0.1
v 0.3 1.4 -0.2
v 0.3 1.5 1.5
v 0.3 1.5 1.4
v 0.3 1.5 0.5
v 0.3 1.5 0.4
v 0.3 1.6 1.5
v 0.3 1.6 1.4
v 0.3 1.6 1.3
v 0.3 1.6 0.5
v 0.3 1.6 0.4
v 0.3 1.6 0.3
v 0.3 1.7 1.4
v 0.3 1.7 1.3
v 0.3 1.7 0.4
v 0.3 1.7 0.3
v 0.3 1.7 0
v 0.3 1.7 -0.1
v 0.3 1.8 0.5
v 0.3 1.8 0.3
v 0.3 1.8 -0.1
v 0.3 1.8 -0.2
v 0.3 1.9 0.4
v 0.3 1.9 0.3
v 0.3 1.9 -0.1
v 0.3 1.9 -0.2
v 0.3 2 0.6
v 0.3 2 0.5
v 0.3 2 0.4
v 0.3 2 -0.2
v 0.3 2 -0.3
v 0.3 2.1 -0.2
v 0.3 2.1 -0.3
v 0.3 2.2 0.6
v 0.3 2.2 0.5
v 0.3 2.3 -0.2
v 0.3 2.3 -0.3
v 0.3 2.4 0.5
v 0.3 2.4 0.4
v 0.3 2.4 -0.2
v 0.3 2.4 -0.3
v 0.3 2.5 0.5
v 0.3 2.5 0.4
v 0.3 2.5 0.3
v 0.3 2.6 0.4
v 0.3 2.6 0.3
v 0.3 2.6 0.2
v 0.3 2.7 0.3
v 0.3 2.7 0.2
v 0.3 2.7 0.1
v 0.3 2.8 0.2
v 0.3 2.8 0.1
v 0.3 2.9 0.6
v 0.3 2.9 0.5
v 0.3 2.9 0.4
v 0.3 2.9 -0.1
v 0.3 3 0.5
v 0.3 3 0.4
v 0.3 3 -0.1
v 0.3 3 -0.2
v 0.3 3.1 0.6
v 0.3 3.1 0.5
v 0.3 3.1 -0.1
v 0.3 3.1 -0.2
v 0.3 3.2 -0.2
v 0.3 3.2 -0.3
v 0.3 3.3 0.7
v 0.3 3.3 0.6
v 0.3 3.3 -0.2
v 0.3 3.3 -0.3
v 0.3 3.4 0.7
v 0.3 3.4 0.6
v 0.3 3.4 0.5
v 0.3 3.4 -0.2
v 0.3 3.4 -0.3
v 0.3 3.5 0.6
v 0.3 3.5 0.5
v 0.3 3.5 -0.2
v 0.3 3.5 -0.3
v 0.3 3.6 0.5
v 0.3 3.6 0
v 0.3 3.7 0.5
v 0.3 3.7 0
v 0.4 -0.9 0.4
v 0.4 -0.9 0.3
v 0.4 -0.8 0.4
v 0.4 -0.8 0.3
v 0.4 -0.8 0.2
v 0.4 -0.8 0
v 0.4 -0.8 -0.1
v 0.4 -0.7 0.3
v 0.4 -0.7 0.2
v 0.4 -0.7 0
v 0.4 -0.6 0.2
v 0.4 -0.6 0.1
v 0.4 -0.6 0
v 0.4 -0.6 -0.1
v 0.4 -0.5 0
v 0.4 -0.5 -0.1
v 0.4 -0.3 0.2
v 0.4 -0.3 0.1
v 0.4 -0.1 0.3
v 0.4 -0.1 0.2
v 0.4 -0.1 0
v 0.4 -0.1 -0.1
v 0.4 0.1 0.1
v 0.4 0.1 0
v 0.4 0.2 0.4
v 0.4 0.2 0.3
v 0.4 0.2 0.2
v 0.4 0.2 0.1
v 0.4 0.3 0.2
v 0.4 0.3 0
v 0.4 0.4 0.4
v 0.4 0.4 0.3
v 0.4 0.8 0.4
v 0.4 0.8 0.3
v 0.4 0.8 0.1
v 0.4 0.8 0
v 0.4 0.8 -0.1
v 0.4 0.9 0.4
v 0.4 0.9 0.3
v 0.4 0.9 0.1
v 0.4 0.9 0
v 0.4 0.9 -0.1
v 0.4 1 0.2
v 0.4 1 0
v 0.4 1.1 1.5
v 0.4 1.1 1.4
v 0.4 1.1 0.3
v 0.4 1.1 0.2
v 0.4 1.2 1.5
v 0.4 1.2 1.4
v 0.4 1.3 0.3
v 0.4 1.3 0
v 0.4 1.4 1.1
v 0.4 1.4 1
v 0.4 1.4 0.5
v 0.4 1.4 0.3
v 0.4 1.4 0
v 0.4 1.4 -0.1
v 0.4 1.5 1.4
v 0.4 1.5 1.3
v 0.4 1.5 1.1
v 0.4 1.5 1
v 0.4 1.5 0.5
v 0.4 1.5 0.4
v 0.4 1.5 0.3
v 0.4 1.5 0
v 0.4 1.6 1.4
v 0.4 1.6 1.3
v 0.4 1.6 1.2
v 0.4 1.6 0.4
v 0.4 1.6 0.3
v 0.4 1.6 0
v 0.4 1.6 -0.1
v 0.4 1.7 1.3
v 0.4 1.7 1.2
v 0.4 1.7 0.3
v 0.4 1.7 0
v 0.4 1.8 0.3
v 0.4 1.8 -0.1
v 0.4 1.9 0.4
v 0.4 1.9 0.3
v 0.4 1.9 -0.1
v 0.4 1.9 -0.2
v 0.4 2 0.5
v 0.4 2 0.4
v 0.4 2 -0.2
v 0.4 2.1 0.5
v 0.4 2.1 0.4
v 0.4 2.1 -0.2
v 0.4 2.1 -0.3
v 0.4 2.3 0.5
v 0.4 2.3 0.4
v 0.4 2.3 -0.2
v 0.4 2.3 -0.3
v 0.4 2.4 0.5
v 0.4 2.4 0.4
v 0.4 2.4 -0.1
v 0.4 2.4 -0.2
v 0.4 2.5 0.3
v 0.4 2.5 0.2
v 0.4 2.5 0
v 0.4 2.5 -0.1
v 0.4 2.5 -0.2
v 0.4 2.6 0.3
v 0.4 2.6 0.2
v 0.4 2.6 0
v 0.4 2.6 -0.1
v 0.4 2.7 0.2
v 0.4 2.7 0
v 0.4 3 0.5
v 0.4 3 -0.1
v 0.4 3.1 0.6
v 0.4 3.1 0.5
v 0.4 3.1 -0.1
v 0.4 3.1 -0.2
v 0.4 3.2 0.6
v 0.4 3.2 0.5
v 0.4 3.2 0.3
v 0.4 3.2 0.2
v 0.4 3.2 -0.2
v 0.4 3.3 0.3
v 0.4 3.3 0.2
v 0.4 3.3 -0.1
v 0.4 3.3 -0.2
v 0.4 3.3 -0.3
v 0.4 3.4 0.5
v 0.4 3.4 -0.1
v 0.4 3.4 -0.2
v 0.4 3.4 -0.3
v 0.4 3.5 -0.1
v 0.4 3.5 -0.2
v 0.4 3.6 0.5
v 0.4 3.6 -0.1
v 0.5 -0.9 0.3
v 0.5 -0.9 -0.1
v 0.5 -0.8 0.3
v 0.5 -0.8 0.2
v 0.5 -0.8 0
v 0.5 -0.8 -0.1
v 0.5 -0.7 0.2
v 0.5 -0.7 0
v 0.5 0.8 0.3
v 0.5 0.8 0.1
v 0.5 0.9 0.3
v 0.5 0.9 0.1
v 0.5 1.3 0.5
v 0.5 1.3 -0.1
v 0.5 1.4 1.2
v 0.5 1.4 1.1
v 0.5 1.4 0.5
v 0.5 1.4 0.3
v 0.5 1.4 0
v 0.5 1.4 -0.1
v 0.5 1.5 1.3
v 0.5 1.5 1.2
v 0.5 1.5 1.1
v 0.5 1.5 0.3
v 0.5 1.5 0
v 0.5 1.6 1.3
v 0.5 1.6 1.2
v 0.5 1.7 1.2
v 0.5 1.7 1.1
v 0.5 1.7 1
v 0.5 1.8 1.1
v 0.5 1.8 1
v 0.5 2 0.4
v 0.5 2 -0.2
v 0.5 2.1 0.5
v 0.5 2.1 0.4
v 0.5 2.2 0.4
v 0.5 2.2 0.3
v 0.5 2.2 0
v 0.5 2.3 0.5
v 0.5 2.3 0.4
v 0.5 2.3 0
v 0.5 2.3 -0.1
v 0.5 2.4 0.4
v 0.5 2.4 0.3
v 0.5 2.4 -0.1
v 0.5 2.4 -0.2
v 0.5 2.5 0.4
v 0.5 2.5 0.3
v 0.5 3.2 0.2
v 0.5 3.2 -0.2
v 0.5 3.3 0.6
v 0.5 3.3 0.5
v 0.5 3.3 0.3
v 0.5 3.3 0.2
v 0.5 3.3 -0.1
v 0.5 3.3 -0.2
v 0.5 3.4 0.6
v 0.5 3.4 0.5
v 0.5 3.4 0.3
v 0.5 3.4 -0.1
v 0.6 1.1 0.4
v 0.6 1.1 0
v 0.6 1.2 0.5
v 0.6 1.2 0.4
v 0.6 1.2 0
v 0.6 1.2 -0.1
v 0.6 1.3 0.5
v 0.6 1.3 -0.1
v 0.6 1.5 1.1
v 0.6 1.5 1
v 0.6 1.6 1
v 0.6 1.7 1.1
v 0.6 1.7 1
v 0.6 2.2 0.4
v 0.6 2.2 0.3
v 0.6 2.4 0.4
v 0.6 2.4 0.3
v 0.6 2.4 0
v 0.6 2.4 -0.1
v 0.6 2.5 0.1
v 0.6 2.5 0
v 0.6 2.5 -0.1
v 0.6 2.6 0.1
v 0.6 2.6 0
v 0.6 3.2 0.5
v 0.6 3.2 0.3
v 0.6 3.4 0.5
v 0.6 3.4 0.3
v 0.7 1.6 1
v 0.7 1.6 0.9
v 0.7 1.8 1
v 0.7 1.8 0.9
v 0.7 1.8 0.8
v 0.7 1.9 0.9
v 0.7 1.9 0.8
v 0.7 2.2 0.1
v 0.7 2.2 0
v 0.7 2.3 0
v 0.7 2.3 -0.1
v 0.7 2.4 0.1
v 0.7 2.4 0
v 0.7 2.4 -0.1
v 0.7 2.5 0.2
v 0.7 2.5 0.1
v 0.7 2.5 0
v 0.7 2.6 0.2
v 0.7 2.7 0.2
v 0.7 2.7 0.1
v 0.8 1.6 0.9
v 0.8 1.6 0.8
v 0.8 1.8 0.9
v 0.8 1.8 0.8
v 0.8 1.8 0.7
v 0.8 1.9 0.8
v 0.8 1.9 0.7
v 0.8 1.9 0.6
v 0.8 1.9 0.4
v 0.8 1.9 0.3
v 0.8 2 0.7
v 0.8 2 0.6
v 0.8 2 0.4
v 0.8 2 0.3
v 0.8 2 0.2
v 0.8 2.1 0.4
v 0.8 2.1 0.3
v 0.8 2.1 0.2
v 0.8 2.1 0.1
v 0.8 2.2 0.4
v 0.8 2.2 0.1
v 0.8 2.3 0.6
v 0.8 2.3 0.5
v 0.8 2.3 0.2
v 0.8 2.3 0.1
v 0.8 2.4 0.6
v 0.8 2.4 0.5
v 0.8 2.4 0.4
v 0.8 2.4 0.3
v 0.8 2.4 0.2
v 0.8 2.4 0.1
v 0.8 2.5 0.5
v 0.8 2.5 0.4
v 0.8 2.5 0.3
v 0.8 2.5 0.2
v 0.8 2.5 0.1
v 0.8 2.6 0.3
v 0.8 2.6 0.2
v 0.9 1.6 0.8
v 0.9 1.6 0.6
v 0.9 1.7 0.6
v 0.9 1.7 0.5
v 0.9 1.8 0.8
v 0.9 1.8 0.7
v 0.9 1.8 0.5
v 0.9 1.8 0.4
v 0.9 1.9 0.7
v 0.9 1.9 0.6
v 0.9 1.9 0.4
v 0.9 2 0.6
v 0.9 2 0.4
v 0.9 2 0.3
v 0.9 2.1 0.6
v 0.9 2.1 0.3
v 0.9 2.2 0.6
v 0.9 2.2 0.5
v 0.9 2.2 0.2
v 0.9 2.2 0.1
v 0.9 2.3 0.6
v 0.9 2.3 0.5
v 0.9 2.3 0.4
v 0.9 2.3 0.3
v 0.9 2.3 0.2
v 0.9 2.3 0.1
v 0.9 2.4 0.5
v 0.9 2.4 0.4
v 0.9 2.4 0.3
v 0.9 2.4 0.2
v 0.9 2.5 0.4
v 0.9 2.5 0.3
v 1 1.9 0.6
v 1 1.9 0.4
v 1 2 0.6
v 1 2 0.4
v 1 2.2 0.5
v 1 2.2 0.2
v 1 2.3 0.5
v 1 2.3 0.4
v 1 2.3 0.3
v 1 2.3 0.2
v 1 2.4 0.4
v 1 2.4 0.3
v -0.2 1.5 1.6
v -0.2 1.6 1.6
v -0.1 1.5 1.6
v -0.1 1.6 1.6
v 0.1 1.5 1.6
v 0.1 1.6 1.6
v 0.2 1.5 1.6
v 0.2 1.6 1.6
v -0.4 1.1 1.5
v -0.4 1.2 1.5
v -0.3 1 1.5
v -0.3 1.1 1.5
v -0.3 1.5 1.5
v -0.3 1.6 1.5
v -0.2 1.5 1.5
v -0.2 1.6 1.5
v -0.1 -0.9 1.5
v -0.1 1 1.5
v -0.1 1.2 1.5
v -0.1 1.5 1.5
v 0.1 -0.9 1.5
v 0.1 1 1.5
v 0.1 1.2 1.5
v 0.1 1.5 1.5
v 0.2 1.5 1.5
v 0.2 1.6 1.5
v 0.3 1 1.5
v 0.3 1.1 1.5
v 0.3 1.5 1.5
v 0.3 1.6 1.5
v 0.4 1.1 1.5
v 0.4 1.2 1.5
v -0.4 1.5 1.4
v -0.4 1.6 1.4
v -0.3 1.5 1.4
v -0.3 1.6 1.4
v -0.3 1.7 1.4
v -0.2 1.6 1.4
v -0.2 1.7 1.4
v 0.2 1.6 1.4
v 0.2 1.7 1.4
v 0.3 1.5 1.4
v 0.3 1.6 1.4
v 0.3 1.7 1.4
v 0.4 1.5 1.4
v 0.4 1.6 1.4
v -0.5 1.5 1.3
v -0.5 1.6 1.3
v -0.4 1.5 1.3
v -0.4 1.6 1.3
v -0.4 1.7 1.3
v -0.3 1.6 1.3
v -0.3 1.7 1.3
v 0.3 1.6 1.3
v 0.3 1.7 1.3
v 0.4 1.5 1.3
v 0.4 1.6 1.3
v 0.4 1.7 1.3
v 0.5 1.5 1.3
v 0.5 1.6 1.3
v -0.5 1.4 1.2
v -0.5 1.5 1.2
v -0.5 1.6 1.2
v -0.5 1.7 1.2
v -0.4 1.6 1.2
v -0.4 1.7 1.2
v -0.3 1.4 1.2
v -0.3 1.5 1.2
v 0.3 1.4 1.2
v 0.3 1.5 1.2
v 0.4 1.6 1.2
v 0.4 1.7 1.2
v 0.5 1.4 1.2
v 0.5 1.5 1.2
v 0.5 1.6 1.2
v 0.5 1.7 1.2
v -0.6 1.5 1.1
v -0.6 1.7 1.1
v -0.5 1.5 1.1
v -0.5 1.7 1.1
v -0.5 1.8 1.1
v -0.4 1.7 1.1
v -0.4 1.8 1.1
v 0.4 1.7 1.1
v 0.4 1.8 1.1
v 0.5 1.5 1.1
v 0.5 1.7 1.1
v 0.5 1.8 1.1
v 0.6 1.5 1.1
v 0.6 1.7 1.1
v -0.7 1.6 1
v -0.7 1.8 1
v -0.6 1.6 1
v -0.6 1.7 1
v -0.5 1.7 1
v -0.5 1.8 1
v 0.5 1.7 1
v 0.5 1.8 1
v 0.6 1.6 1
v 0.6 1.7 1
v 0.7 1.6 1
v 0.7 1.8 1
v -0.8 1.6 0.9
v -0.8 1.8 0.9
v -0.7 1.6 0.9
v -0.7 1.8 0.9
v -0.7 1.9 0.9
v -0.6 1.8 0.9
v -0.6 1.9 0.9
v 0.6 1.8 0.9
v 0.6 1.9 0.9
v 0.7 1.6 0.9
v 0.7 1.8 0.9
v 0.7 1.9 0.9
v 0.8 1.6 0.9
v 0.8 1.8 0.9
v -0.9 1.6 0.8
v -0.9 1.8 0.8
v -0.8 1.6 0.8
v -0.8 1.8 0.8
v -0.8 1.9 0.8
v -0.7 1.8 0.8
v -0.7 1.9 0.8
v 0.7 1.8 0.8
v 0.7 1.9 0.8
v 0.8 1.6 0.8
v 0.8 1.8 0.8
v 0.8 1.9 0.8
v 0.9 1.6 0.8
v 0.9 1.8 0.8
v -0.9 1.8 0.7
v -0.9 1.9 0.7
v -0.8 1.8 0.7
v -0.8 1.9 0.7
v -0.8 2 0.7
v -0.7 1.9 0.7
v -0.7 2 0.7
v -0.3 3.3 0.7
v -0.3 3.4 0.7
v -0.1 3.4 0.7
v -0.1 3.5 0.7
v 0.1 3.4 0.7
v 0.1 3.5 0.7
v 0.3 3.3 0.7
v 0.3 3.4 0.7
v 0.7 1.9 0.7
v 0.7 2 0.7
v 0.8 1.8 0.7
v 0.8 1.9 0.7
v 0.8 2 0.7
v 0.9 1.8 0.7
v 0.9 1.9 0.7
v -1 1.9 0.6
v -1 2 0.6
v -0.9 1.9 0.6
v -0.9 2 0.6
v -0.9 2.1 0.6
v -0.9 2.2 0.6
v -0.9 2.3 0.6
v -0.8 1.9 0.6
v -0.8 2 0.6
v -0.8 2.3 0.6
v -0.8 2.4 0.6
v -0.7 1.9 0.6
v -0.7 2 0.6
v -0.7 2.1 0.6
v -0.7 2.2 0.6
v -0.7 2.4 0.6
v -0.6 1.9 0.6
v -0.6 2 0.6
v -0.5 3.3 0.6
v -0.5 3.4 0.6
v -0.4 3.1 0.6
v -0.4 3.2 0.6
v -0.3 2 0.6
v -0.3 2.2 0.6
v -0.3 2.9 0.6
v -0.3 3.1 0.6
v -0.3 3.3 0.6
v -0.3 3.4 0.6
v -0.3 3.5 0.6
v -0.2 1.9 0.6
v -0.2 2 0.6
v -0.2 2.2 0.6
v -0.2 2.3 0.6
v -0.2 2.9 0.6
v -0.2 3 0.6
v -0.2 3.1 0.6
v -0.2 3.5 0.6
v -0.2 3.6 0.6
v -0.1 2.3 0.6
v -0.1 2.4 0.6
v -0.1 2.9 0.6
v -0.1 3 0.6
v -0.1 3.1 0.6
v -0.1 3.2 0.6
v -0.1 3.4 0.6
v -0.1 3.5 0.6
v -0.1 3.6 0.6
v -0.1 3.8 0.6
v 0.1 2.3 0.6
v 0.1 2.4 0.6
v 0.1 2.9 0.6
v 0.1 3 0.6
v 0.1 3.1 0.6
v 0.1 3.2 0.6
v 0.1 3.4 0.6
v 0.1 3.5 0.6
v 0.1 3.6 0.6
v 0.1 3.8 0.6
v 0.2 1.9 0.6
v 0.2 2 0.6
v 0.2 2.2 0.6
v 0.2 2.3 0.6
v 0.2 2.9 0.6
v 0.2 3 0.6
v 0.2 3.1 0.6
v 0.2 3.5 0.6
v 0.2 3.6 0.6
v 0.3 2 0.6
v 0.3 2.2 0.6
v 0.3 2.9 0.6
v 0.3 3.1 0.6
v 0.3 3.3 0.6
v 0.3 3.4 0.6
v 0.3 3.5 0.6
v 0.4 3.1 0.6
v 0.4 3.2 0.6
v 0.5 3.3 0.6
v 0.5 3.4 0.6
v 0.6 1.9 0.6
v 0.6 2 0.6
v 0.7 1.9 0.6
v 0.7 2 0.6
v 0.7 2.1 0.6
v 0.7 2.2 0.6
v 0.7 2.4 0.6
v 0.8 1.9 0.6
v 0.8 2 0.6
v 0.8 2.3 0.6
v 0.8 2.4 0.6
v 0.9 1.9 0.6
v 0.9 2 0.6
v 0.9 2.1 0.6
v 0.9 2.2 0.6
v 0.9 2.3 0.6
v 1 1.9 0.6
v 1 2 0.6
v -1 2.2 0.5
v -1 2.3 0.5
v -0.9 2.2 0.5
v -0.9 2.3 0.5
v -0.9 2.4 0.5
v -0.8 2.3 0.5
v -0.8 2.4 0.5
v -0.8 2.5 0.5
v -0.7 2 0.5
v -0.7 2.1 0.5
v -0.7 2.4 0.5
v -0.7 2.5 0.5
v -0.6 1.2 0.5
v -0.6 1.3 0.5
v -0.6 2 0.5
v -0.6 2.1 0.5
v -0.6 3.2 0.5
v -0.6 3.4 0.5
v -0.5 1.2 0.5
v -0.5 1.3 0.5
v -0.5 1.4 0.5
v -0.5 2.1 0.5
v -0.5 2.3 0.5
v -0.5 3.3 0.5
v -0.5 3.4 0.5
v -0.4 1.3 0.5
v -0.4 1.4 0.5
v -0.4 1.5 0.5
v -0.4 2 0.5
v -0.4 2.1 0.5
v -0.4 2.3 0.5
v -0.4 2.4 0.5
v -0.4 3 0.5
v -0.4 3.1 0.5
v -0.4 3.2 0.5
v -0.4 3.3 0.5
v -0.4 3.4 0.5
v -0.4 3.6 0.5
v -0.3 1.4 0.5
v -0.3 1.5 0.5
v -0.3 1.6 0.5
v -0.3 1.8 0.5
v -0.3 2 0.5
v -0.3 2.2 0.5
v -0.3 2.4 0.5
v -0.3 2.5 0.5
v -0.3 3 0.5
v -0.3 3.1 0.5
v -0.3 3.4 0.5
v -0.3 3.5 0.5
v -0.3 3.6 0.5
v -0.3 3.7 0.5
v -0.2 1.2 0.5
v -0.2 1.5 0.5
v -0.2 1.6 0.5
v -0.2 1.7 0.5
v -0.2 1.9 0.5
v -0.2 2 0.5
v -0.2 2.2 0.5
v -0.2 2.3 0.5
v -0.2 2.5 0.5
v -0.2 2.6 0.5
v -0.2 2.9 0.5
v -0.2 3 0.5
v -0.2 3.5 0.5
v -0.2 3.6 0.5
v -0.2 3.7 0.5
v -0.2 3.8 0.5
v -0.1 0.9 0.5
v -0.1 1.2 0.5
v -0.1 1.5 0.5
v -0.1 1.6 0.5
v -0.1 1.7 0.5
v -0.1 2.3 0.5
v -0.1 2.4 0.5
v -0.1 2.9 0.5
v -0.1 3 0.5
v -0.1 3.1 0.5
v -0.1 3.2 0.5
v -0.1 3.6 0.5
v -0.1 3.8 0.5
v -0.1 3.9 0.5
v 0.1 0.9 0.5
v 0.1 1.2 0.5
v 0.1 1.5 0.5
v 0.1 1.6 0.5
v 0.1 1.7 0.5
v 0.1 2.3 0.5
v 0.1 2.4 0.5
v 0.1 2.9 0.5
v 0.1 3 0.5
v 0.1 3.1 0.5
v 0.1 3.2 0.5
v 0.1 3.6 0.5
v 0.1 3.8 0.5
v 0.1 3.9 0.5
v 0.2 1.2 0.5
v 0.2 1.5 0.5
v 0.2 1.6 0.5
v 0.2 1.7 0.5
v 0.2 1.9 0.5
v 0.2 2 0.5
v 0.2 2.2 0.5
v 0.2 2.3 0.5
v 0.2 2.5 0.5
v 0.2 2.6 0.5
v 0.2 2.9 0.5
v 0.2 3 0.5
v 0.2 3.5 0.5
v 0.2 3.6 0.5
v 0.2 3.7 0.5
v 0.2 3.8 0.5
v 0.3 1.4 0.5
v 0.3 1.5 0.5
v 0.3 1.6 0.5
v 0.3 1.8 0.5
v 0.3 2 0.5
v 0.3 2.2 0.5
v 0.3 2.4 0.5
v 0.3 2.5 0.5
v 0.3 3 0.5
v 0.3 3.1 0.5
v 0.3 3.4 0.5
v 0.3 3.5 0.5
v 0.3 3.6 0.5
v 0.3 3.7 0.5
v 0.4 1.3 0.5
v 0.4 1.4 0.5
v 0.4 1.5 0.5
v 0.4 2 0.5
v 0.4 2.1 0.5
v 0.4 2.3 0.5
v 0.4 2.4 0.5
v 0.4 3 0.5
v 0.4 3.1 0.5
v 0.4 3.2 0.5
v 0.4 3.3 0.5
v 0.4 3.4 0.5
v 0.4 3.6 0.5
v 0.5 1.2 0.5
v 0.5 1.3 0.5
v 0.5 1.4 0.5
v 0.5 2.1 0.5
v 0.5 2.3 0.5
v 0.5 3.3 0.5
v 0.5 3.4 0.5
v 0.6 1.2 0.5
v 0.6 1.3 0.5
v 0.6 2 0.5
v 0.6 2.1 0.5
v 0.6 3.2 0.5
v 0.6 3.4 0.5
v 0.7 2 0.5
v 0.7 2.1 0.5
v 0.7 2.4 0.5
v 0.7 2.5 0.5
v 0.8 2.3 0.5
v 0.8 2.4 0.5
v 0.8 2.5 0.5
v 0.9 2.2 0.5
v 0.9 2.3 0.5
v 0.9 2.4 0.5
v 1 2.2 0.5
v 1 2.3 0.5
v -1 2.3 0.4
v -1 2.4 0.4
v -0.9 2.3 0.4
v -0.9 2.4 0.4
v -0.9 2.5 0.4
v -0.8 2.1 0.4
v -0.8 2.2 0.4
v -0.8 2.4 0.4
v -0.8 2.5 0.4
v -0.7 2.2 0.4
v -0.7 2.4 0.4
v -0.7 2.5 0.4
v -0.6 1.1 0.4
v -0.6 1.2 0.4
v -0.6 2.1 0.4
v -0.6 2.2 0.4
v -0.6 2.4 0.4
v -0.6 2.5 0.4
v -0.5 1.1 0.4
v -0.5 1.2 0.4
v -0.5 2 0.4
v -0.5 2.1 0.4
v -0.5 2.2 0.4
v -0.5 2.3 0.4
v -0.5 2.4 0.4
v -0.5 2.5 0.4
v -0.4 -0.9 0.4
v -0.4 -0.8 0.4
v -0.4 0.2 0.4
v -0.4 0.4 0.4
v -0.4 0.8 0.4
v -0.4 0.9 0.4
v -0.4 1.5 0.4
v -0.4 1.6 0.4
v -0.4 1.9 0.4
v -0.4 2 0.4
v -0.4 2.1 0.4
v -0.4 2.3 0.4
v -0.4 2.4 0.4
v -0.3 1.3 0.4
v -0.3 1.4 0.4
v -0.3 1.5 0.4
v -0.3 1.6 0.4
v -0.3 1.7 0.4
v -0.3 1.9 0.4
v -0.3 2 0.4
v -0.3 2.4 0.4
v -0.3 2.5 0.4
v -0.3 2.6 0.4
v -0.3 2.9 0.4
v -0.3 3 0.4
v -0.2 1 0.4
v -0.2 1.2 0.4
v -0.2 1.3 0.4
v -0.2 1.5 0.4
v -0.2 1.6 0.4
v -0.2 1.7 0.4
v -0.2 1.8 0.4
v -0.2 2.5 0.4
v -0.2 2.6 0.4
v -0.2 2.7 0.4
v -0.2 2.9 0.4
v -0.2 3 0.4
v -0.1 -0.9 0.4
v -0.1 -0.8 0.4
v -0.1 0.2 0.4
v -0.1 0.4 0.4
v -0.1 0.8 0.4
v -0.1 0.9 0.4
v -0.1 1 0.4
v -0.1 1.2 0.4
v -0.1 1.5 0.4
v -0.1 1.6 0.4
v -0.1 1.7 0.4
v -0.1 2.7 0.4
v -0.1 2.9 0.4
v 0.1 -0.9 0.4
v 0.1 -0.8 0.4
v 0.1 0.2 0.4
v 0.1 0.4 0.4
v 0.1 0.8 0.4
v 0.1 0.9 0.4
v 0.1 1 0.4
v 0.1 1.2 0.4
v 0.1 1.5 0.4
v 0.1 1.6 0.4
v 0.1 1.7 0.4
v 0.1 2.7 0.4
v 0.1 2.9 0.4
v 0.2 1 0.4
v 0.2 1.2 0.4
v 0.2 1.3 0.4
v 0.2 1.5 0.4
v 0.2 1.6 0.4
v 0.2 1.7 0.4
v 0.2 1.8 0.4
v 0.2 2.5 0.4
v 0.2 2.6 0.4
v 0.2 2.7 0.4
v 0.2 2.9 0.4
v 0.2 3 0.4
v 0.3 1.3 0.4
v 0.3 1.4 0.4
v 0.3 1.5 0.4
v 0.3 1.6 0.4
v 0.3 1.7 0.4
v 0.3 1.9 0.4
v 0.3 2 0.4
v 0.3 2.4 0.4
v 0.3 2.5 0.4
v 0.3 2.6 0.4
v 0.3 2.9 0.4
v 0.3 3 0.4
v 0.4 -0.9 0.4
v 0.4 -0.8 0.4
v 0.4 0.2 0.4
v 0.4 0.4 0.4
v 0.4 0.8 0.4
v 0.4 0.9 0.4
v 0.4 1.5 0.4
v 0.4 1.6 0.4
v 0.4 1.9 0.4
v 0.4 2 0.4
v 0.4 2.1 0.4
v 0.4 2.3 0.4
v 0.4 2.4 0.4
v 0.5 1.1 0.4
v 0.5 1.2 0.4
v 0.5 2 0.4
v 0.5 2.1 0.4
v 0.5 2.2 0.4
v 0.5 2.3 0.4
v 0.5 2.4 0.4
v 0.5 2.5 0.4
v 0.6 1.1 0.4
v 0.6 1.2 0.4
v 0.6 2.1 0.4
v 0.6 2.2 0.4
v 0.6 2.4 0.4
v 0.6 2.5 0.4
v 0.7 2.2 0.4
v 0.7 2.4 0.4
v 0.7 2.5 0.4
v 0.8 2.1 0.4
v 0.8 2.2 0.4
v 0.8 2.4 0.4
v 0.8 2.5 0.4
v 0.9 2.3 0.4
v 0.9 2.4 0.4
v 0.9 2.5 0.4
v 1 2.3 0.4
v 1 2.4 0.4
v -0.8 2.5 0.3
v -0.8 2.6 0.3
v -0.7 2.2 0.3
v -0.7 2.4 0.3
v -0.6 2.2 0.3
v -0.6 2.4 0.3
v -0.6 2.5 0.3
v -0.6 2.6 0.3
v -0.5 -0.9 0.3
v -0.5 -0.8 0.3
v -0.5 0.8 0.3
v -0.5 0.9 0.3
v -0.5 1.4 0.3
v -0.5 1.5 0.3
v -0.5 2.4 0.3
v -0.5 2.5 0.3
v -0.4 -0.9 0.3
v -0.4 -0.8 0.3
v -0.4 -0.7 0.3
v -0.4 -0.1 0.3
v -0.4 0.2 0.3
v -0.4 0.4 0.3
v -0.4 0.8 0.3
v -0.4 0.9 0.3
v -0.4 1.1 0.3
v -0.4 1.3 0.3
v -0.4 1.4 0.3
v -0.4 1.5 0.3
v -0.4 1.6 0.3
v -0.4 1.7 0.3
v -0.4 1.8 0.3
v -0.4 1.9 0.3
v -0.4 2.5 0.3
v -0.4 2.6 0.3
v -0.3 -0.2 0.3
v -0.3 -0.1 0.3
v -0.3 1 0.3
v -0.3 1.1 0.3
v -0.3 1.3 0.3
v -0.3 1.4 0.3
v -0.3 1.6 0.3
v -0.3 1.7 0.3
v -0.3 1.8 0.3
v -0.3 1.9 0.3
v -0.3 2.5 0.3
v -0.3 2.6 0.3
v -0.3 2.7 0.3
v -0.2 -0.2 0.3
v -0.2 -0.1 0.3
v -0.2 0.9 0.3
v -0.2 1 0.3
v -0.2 1.3 0.3
v -0.2 1.7 0.3
v -0.2 1.8 0.3
v -0.2 2.6 0.3
v -0.2 2.7 0.3
v -0.2 2.9 0.3
v -0.1 -0.8 0.3
v -0.1 -0.7 0.3
v -0.1 -0.1 0.3
v -0.1 0.2 0.3
v -0.1 0.4 0.3
v -0.1 0.8 0.3
v -0.1 0.9 0.3
v -0.1 1 0.3
v -0.1 2.7 0.3
v -0.1 2.9 0.3
v 0.1 -0.8 0.3
v 0.1 -0.7 0.3
v 0.1 -0.1 0.3
v 0.1 0.2 0.3
v 0.1 0.4 0.3
v 0.1 0.8 0.3
v 0.1 0.9 0.3
v 0.1 1 0.3
v 0.1 2.7 0.3
v 0.1 2.9 0.3
v 0.2 -0.2 0.3
v 0.2 -0.1 0.3
v 0.2 0.9 0.3
v 0.2 1 0.3
v 0.2 1.3 0.3
v 0.2 1.7 0.3
v 0.2 1.8 0.3
v 0.2 2.6 0.3
v 0.2 2.7 0.3
v 0.2 2.9 0.3
v 0.3 -0.2 0.3
v 0.3 -0.1 0.3
v 0.3 1 0.3
v 0.3 1.1 0.3
v 0.3 1.3 0.3
v 0.3 1.4 0.3
v 0.3 1.6 0.3
v 0.3 1.7 0.3
v 0.3 1.8 0.3
v 0.3 1.9 0.3
v 0.3 2.5 0.3
v 0.3 2.6 0.3
v 0.3 2.7 0.3
v 0.4 -0.9 0.3
v 0.4 -0.8 0.3
v 0.4 -0.7 0.3
v 0.4 -0.1 0.3
v 0.4 0.2 0.3
v 0.4 0.4 0.3
v 0.4 0.8 0.3
v 0.4 0.9 0.3
v 0.4 1.1 0.3
v 0.4 1.3 0.3
v 0.4 1.4 0.3
v 0.4 1.5 0.3
v 0.4 1.6 0.3
v 0.4 1.7 0.3
v 0.4 1.8 0.3
v 0.4 1.9 0.3
v 0.4 2.5 0.3
v 0.4 2.6 0.3
v 0.5 -0.9 0.3
v 0.5 -0.8 0.3
v 0.5 0.8 0.3
v 0.5 0.9 0.3
v 0.5 1.4 0.3
v 0.5 1.5 0.3
v 0.5 2.4 0.3
v 0.5 2.5 0.3
v 0.6 2.2 0.3
v 0.6 2.4 0.3
v 0.6 2.5 0.3
v 0.6 2.6 0.3
v 0.7 2.2 0.3
v 0.7 2.4 0.3
v 0.8 2.5 0.3
v 0.8 2.6 0.3
v -0.7 2.6 0.2
v -0.7 2.7 0.2
v -0.6 2.5 0.2
v -0.6 2.6 0.2
v -0.6 2.7 0.2
v -0.5 -0.8 0.2
v -0.5 -0.7 0.2
v -0.5 2.5 0.2
v -0.5 2.6 0.2
v -0.5 3.2 0.2
v -0.5 3.3 0.2
v -0.4 -0.8 0.2
v -0.4 -0.7 0.2
v -0.4 -0.6 0.2
v -0.4 -0.3 0.2
v -0.4 -0.1 0.2
v -0.4 2.5 0.2
v -0.4 2.6 0.2
v -0.4 2.7 0.2
v -0.4 3.2 0.2
v -0.4 3.3 0.2
v -0.3 -0.2 0.2
v -0.3 -0.1 0.2
v -0.3 2.6 0.2
v -0.3 2.7 0.2
v -0.3 2.8 0.2
v -0.2 -0.2 0.2
v -0.2 -0.1 0.2
v -0.2 2.7 0.2
v -0.2 2.8 0.2
v -0.1 -0.7 0.2
v -0.1 -0.6 0.2
v -0.1 -0.3 0.2
v -0.1 -0.1 0.2
v -0.1 3.9 0.2
v -0.1 4 0.2
v 0 3.9 0.2
v 0 4 0.2
v 0.1 -0.7 0.2
v 0.1 -0.6 0.2
v 0.1 -0.3 0.2
v 0.1 -0.1 0.2
v 0.2 -0.2 0.2
v 0.2 -0.1 0.2
v 0.2 2.7 0.2
v 0.2 2.8 0.2
v 0.3 -0.2 0.2
v 0.3 -0.1 0.2
v 0.3 2.6 0.2
v 0.3 2.7 0.2
v 0.3 2.8 0.2
v 0.4 -0.8 0.2
v 0.4 -0.7 0.2
v 0.4 -0.6 0.2
v 0.4 -0.3 0.2
v 0.4 -0.1 0.2
v 0.4 2.5 0.2
v 0.4 2.6 0.2
v 0.4 2.7 0.2
v 0.4 3.2 0.2
v 0.4 3.3 0.2
v 0.5 -0.8 0.2
v 0.5 -0.7 0.2
v 0.5 2.5 0.2
v 0.5 2.6 0.2
v 0.5 3.2 0.2
v 0.5 3.3 0.2
v 0.6 2.5 0.2
v 0.6 2.6 0.2
v 0.6 2.7 0.2
v 0.7 2.6 0.2
v 0.7 2.7 0.2
v -0.4 -0.6 0.1
v -0.4 -0.3 0.1
v -0.2 -0.6 0.1
v -0.2 -0.5 0.1
v -0.1 -0.5 0.1
v -0.1 -0.3 0.1
v 0.1 -0.5 0.1
v 0.1 -0.3 0.1
v 0.2 -0.6 0.1
v 0.2 -0.5 0.1
v 0.4 -0.6 0.1
v 0.4 -0.3 0.1
v -0.2 -0.6 0
v -0.2 -0.5 0
v -0.1 -0.6 0
v -0.1 -0.5 0
v -0.1 3.8 0
v -0.1 3.9 0
v 0 3.8 0
v 0 3.9 0
v 0.1 -0.6 0
v 0.1 -0.5 0
v 0.2 -0.6 0
v 0.2 -0.5 0
v -0.3 1 -0.1
v -0.3 1.4 -0.1
v -0.2 1 -0.1
v -0.2 1.1 -0.1
v -0.1 1.1 -0.1
v -0.1 1.3 -0.1
v -0.1 3.7 -0.1
v -0.1 3.8 -0.1
v 0 3.7 -0.1
v 0 3.8 -0.1
v 0.1 1.1 -0.1
v 0.1 1.3 -0.1
v 0.2 1 -0.1
v 0.2 1.1 -0.1
v 0.3 1 -0.1
v 0.3 1.4 -0.1
v -0.2 1 -0.2
v -0.2 1.1 -0.2
v -0.1 1 -0.2
v -0.1 1.1 -0.2
v -0.1 1.3 -0.2
v -0.1 3.6 -0.2
v -0.1 3.7 -0.2
v 0 3.6 -0.2
v 0 3.7 -0.2
v 0.1 1 -0.2
v 0.1 1.1 -0.2
v 0.1 1.3 -0.2
v 0.2 1 -0.2
v 0.2 1.1 -0.2
v -0.1 0.9 -0.3
v -0.1 1 -0.3
v -0.1 1.1 -0.3
v -0.1 3.5 -0.3
v -0.1 3.6 -0.3
v 0 3.5 -0.3
v 0 3.6 -0.3
v 0.1 0.9 -0.3
v 0.1 1 -0.3
v 0.1 1.1 -0.3
v -0.1 2.4 -0.4
v -0.1 2.9 -0.4
v 0 2.4 -0.4
v 0 2.9 -0.4
v -0.1 2 -0.5
v -0.1 2.4 -0.5
v 0 2 -0.5
v 0 2.4 -0.5
v -0.4 1.1 1.4
v -0.4 1.2 1.4
v -0.3 1 1.4
v -0.3 1.1 1.4
v -0.1 -0.9 1.4
v -0.1 1 1.4
v -0.1 1.2 1.4
v -0.1 1.5 1.4
v 0.1 -0.9 1.4
v 0.1 1 1.4
v 0.1 1.2 1.4
v 0.1 1.5 1.4
v 0.3 1 1.4
v 0.3 1.1 1.4
v 0.4 1.1 1.4
v 0.4 1.2 1.4
v -0.3 1.6 1.3
v -0.3 1.7 1.3
v -0.2 1.5 1.3
v -0.2 1.6 1.3
v -0.2 1.7 1.3
v -0.1 1.5 1.3
v -0.1 1.6 1.3
v 0.1 1.5 1.3
v 0.1 1.6 1.3
v 0.2 1.5 1.3
v 0.2 1.6 1.3
v 0.2 1.7 1.3
v 0.3 1.6 1.3
v 0.3 1.7 1.3
v -0.5 1.4 1.1
v -0.5 1.5 1.1
v -0.4 1.4 1.1
v -0.4 1.5 1.1
v 0.4 1.4 1.1
v 0.4 1.5 1.1
v 0.5 1.4 1.1
v 0.5 1.5 1.1
v -0.6 1.5 1
v -0.6 1.6 1
v -0.4 1.4 1
v -0.4 1.5 1
v -0.4 1.6 1
v -0.4 1.7 1
v -0.3 1.4 1
v -0.3 1.5 1
v -0.3 1.6 1
v -0.3 1.7 1
v -0.2 1.5 1
v -0.2 1.6 1
v 0.2 1.5 1
v 0.2 1.6 1
v 0.3 1.4 1
v 0.3 1.5 1
v 0.3 1.6 1
v 0.3 1.7 1
v 0.4 1.4 1
v 0.4 1.5 1
v 0.4 1.6 1
v 0.4 1.7 1
v 0.6 1.5 1
v 0.6 1.6 1
v -0.5 1.6 0.9
v -0.5 1.8 0.9
v -0.4 1.6 0.9
v -0.4 1.8 0.9
v 0.4 1.6 0.9
v 0.4 1.8 0.9
v 0.5 1.6 0.9
v 0.5 1.8 0.9
v -0.6 1.6 0.8
v -0.6 1.8 0.8
v -0.5 1.6 0.8
v -0.5 1.8 0.8
v 0.5 1.6 0.8
v 0.5 1.8 0.8
v 0.6 1.6 0.8
v 0.6 1.8 0.8
v -0.9 1.6 0.6
v -0.9 1.7 0.6
v -0.6 1.6 0.6
v -0.6 1.7 0.6
v 0.6 1.6 0.6
v 0.6 1.7 0.6
v 0.9 1.6 0.6
v 0.9 1.7 0.6
v -0.9 1.7 0.5
v -0.9 1.8 0.5
v -0.6 1.7 0.5
v -0.6 1.8 0.5
v -0.3 2.9 0.5
v -0.3 3 0.5
v -0.2 2.9 0.5
v -0.2 3 0.5
v 0.2 2.9 0.5
v 0.2 3 0.5
v 0.3 2.9 0.5
v 0.3 3 0.5
v 0.6 1.7 0.5
v 0.6 1.8 0.5
v 0.9 1.7 0.5
v 0.9 1.8 0.5
v -1 1.9 0.4
v -1 2 0.4
v -0.9 1.8 0.4
v -0.9 1.9 0.4
v -0.9 2 0.4
v -0.8 1.9 0.4
v -0.8 2 0.4
v -0.6 1.8 0.4
v -0.6 1.9 0.4
v 0.6 1.8 0.4
v 0.6 1.9 0.4
v 0.8 1.9 0.4
v 0.8 2 0.4
v 0.9 1.8 0.4
v 0.9 1.9 0.4
v 0.9 2 0.4
v 1 1.9 0.4
v 1 2 0.4
v -1 2.3 0.3
v -1 2.4 0.3
v -0.9 2 0.3
v -0.9 2.1 0.3
v -0.9 2.3 0.3
v -0.9 2.4 0.3
v -0.9 2.5 0.3
v -0.8 1.9 0.3
v -0.8 2 0.3
v -0.8 2.1 0.3
v -0.8 2.4 0.3
v -0.8 2.5 0.3
v -0.6 1.9 0.3
v -0.6 2 0.3
v -0.6 3.2 0.3
v -0.6 3.4 0.3
v -0.5 3.3 0.3
v -0.5 3.4 0.3
v -0.4 3.2 0.3
v -0.4 3.3 0.3
v -0.2 3.7 0.3
v -0.2 3.8 0.3
v -0.1 0.9 0.3
v -0.1 1.2 0.3
v -0.1 3.8 0.3
v 0 3.8 0.3
v 0 3.9 0.3
v 0.1 0.9 0.3
v 0.1 1.2 0.3
v 0.1 3.8 0.3
v 0.1 3.9 0.3
v 0.2 3.7 0.3
v 0.2 3.8 0.3
v 0.4 3.2 0.3
v 0.4 3.3 0.3
v 0.5 3.3 0.3
v 0.5 3.4 0.3
v 0.6 1.9 0.3
v 0.6 2 0.3
v 0.6 3.2 0.3
v 0.6 3.4 0.3
v 0.8 1.9 0.3
v 0.8 2 0.3
v 0.8 2.1 0.3
v 0.8 2.4 0.3
v 0.8 2.5 0.3
v 0.9 2 0.3
v 0.9 2.1 0.3
v 0.9 2.3 0.3
v 0.9 2.4 0.3
v 0.9 2.5 0.3
v 1 2.3 0.3
v 1 2.4 0.3
v -1 2.2 0.2
v -1 2.3 0.2
v -0.9 2.2 0.2
v -0.9 2.3 0.2
v -0.9 2.4 0.2
v -0.8 2 0.2
v -0.8 2.1 0.2
v -0.8 2.3 0.2
v -0.8 2.4 0.2
v -0.8 2.5 0.2
v -0.8 2.6 0.2
v -0.7 2.5 0.2
v -0.7 2.6 0.2
v -0.6 2 0.2
v -0.6 2.1 0.2
v -0.4 0.2 0.2
v -0.4 0.3 0.2
v -0.1 0.2 0.2
v -0.1 0.3 0.2
v -0.1 3.8 0.2
v -0.1 3.9 0.2
v 0 3.8 0.2
v 0 3.9 0.2
v 0.1 0.2 0.2
v 0.1 0.3 0.2
v 0.4 0.2 0.2
v 0.4 0.3 0.2
v 0.6 2 0.2
v 0.6 2.1 0.2
v 0.7 2.5 0.2
v 0.7 2.6 0.2
v 0.8 2 0.2
v 0.8 2.1 0.2
v 0.8 2.3 0.2
v 0.8 2.4 0.2
v 0.8 2.5 0.2
v 0.8 2.6 0.2
v 0.9 2.2 0.2
v 0.9 2.3 0.2
v 0.9 2.4 0.2
v 1 2.2 0.2
v 1 2.3 0.2
v -0.9 2.2 0.1
v -0.9 2.3 0.1
v -0.8 2.1 0.1
v -0.8 2.2 0.1
v -0.8 2.3 0.1
v -0.8 2.4 0.1
v -0.8 2.5 0.1
v -0.7 2.2 0.1
v -0.7 2.4 0.1
v -0.7 2.5 0.1
v -0.7 2.7 0.1
v -0.6 2.1 0.1
v -0.6 2.2 0.1
v -0.6 2.5 0.1
v -0.6 2.6 0.1
v -0.6 2.7 0.1
v -0.5 0.8 0.1
v -0.5 0.9 0.1
v -0.4 0.1 0.1
v -0.4 0.2 0.1
v -0.4 0.8 0.1
v -0.4 0.9 0.1
v -0.3 2.7 0.1
v -0.3 2.8 0.1
v -0.2 2.7 0.1
v -0.2 2.8 0.1
v -0.2 2.9 0.1
v -0.1 0.1 0.1
v -0.1 0.2 0.1
v -0.1 2.8 0.1
v -0.1 2.9 0.1
v 0.1 0.1 0.1
v 0.1 0.2 0.1
v 0.1 2.8 0.1
v 0.1 2.9 0.1
v 0.2 2.7 0.1
v 0.2 2.8 0.1
v 0.2 2.9 0.1
v 0.3 2.7 0.1
v 0.3 2.8 0.1
v 0.4 0.1 0.1
v 0.4 0.2 0.1
v 0.4 0.8 0.1
v 0.4 0.9 0.1
v 0.5 0.8 0.1
v 0.5 0.9 0.1
v 0.6 2.1 0.1
v 0.6 2.2 0.1
v 0.6 2.5 0.1
v 0.6 2.6 0.1
v 0.6 2.7 0.1
v 0.7 2.2 0.1
v 0.7 2.4 0.1
v 0.7 2.5 0.1
v 0.7 2.7 0.1
v 0.8 2.1 0.1
v 0.8 2.2 0.1
v 0.8 2.3 0.1
v 0.8 2.4 0.1
v 0.8 2.5 0.1
v 0.9 2.2 0.1
v 0.9 2.3 0.1
v -0.7 2.2 0
v -0.7 2.3 0
v -0.7 2.4 0
v -0.7 2.5 0
v -0.6 1.1 0
v -0.6 1.2 0
v -0.6 2.4 0
v -0.6 2.5 0
v -0.6 2.6 0
v -0.5 -0.8 0
v -0.5 -0.7 0
v -0.5 1.1 0
v -0.5 1.2 0
v -0.5 1.4 0
v -0.5 1.5 0
v -0.5 2.2 0
v -0.5 2.3 0
v -0.5 2.5 0
v -0.5 2.6 0
v -0.4 -0.8 0
v -0.4 -0.7 0
v -0.4 -0.6 0
v -0.4 -0.5 0
v -0.4 -0.1 0
v -0.4 0.1 0
v -0.4 0.3 0
v -0.4 0.8 0
v -0.4 0.9 0
v -0.4 1 0
v -0.4 1.3 0
v -0.4 1.4 0
v -0.4 1.5 0
v -0.4 1.6 0
v -0.4 1.7 0
v -0.4 2.5 0
v -0.4 2.6 0
v -0.4 2.7 0
v -0.3 -0.6 0
v -0.3 -0.5 0
v -0.3 0.7 0
v -0.3 0.8 0
v -0.3 0.9 0
v -0.3 1 0
v -0.3 1.3 0
v -0.3 1.4 0
v -0.3 1.7 0
v -0.3 2.6 0
v -0.3 2.7 0
v -0.3 3.6 0
v -0.3 3.7 0
v -0.2 0.7 0
v -0.2 0.8 0
v -0.2 1.5 0
v -0.2 1.6 0
v -0.2 1.7 0
v -0.2 2.6 0
v -0.2 2.7 0
v -0.2 2.8 0
v -0.2 3.6 0
v -0.2 3.7 0
v -0.1 -0.1 0
v -0.1 0.1 0
v -0.1 0.3 0
v -0.1 0.8 0
v -0.1 0.9 0
v -0.1 1.2 0
v -0.1 1.5 0
v -0.1 1.6 0
v -0.1 1.7 0
v -0.1 2.8 0
v -0.1 2.9 0
v -0.1 3.9 0
v -0.1 4 0
v 0 3.9 0
v 0 4 0
v 0.1 -0.1 0
v 0.1 0.1 0
v 0.1 0.3 0
v 0.1 0.8 0
v 0.1 0.9 0
v 0.1 1.2 0
v 0.1 1.5 0
v 0.1 1.6 0
v 0.1 1.7 0
v 0.1 2.8 0
v 0.1 2.9 0
v 0.2 0.7 0
v 0.2 0.8 0
v 0.2 1.5 0
v 0.2 1.6 0
v 0.2 1.7 0
v 0.2 2.6 0
v 0.2 2.7 0
v 0.2 2.8 0
v 0.2 3.6 0
v 0.2 3.7 0
v 0.3 -0.6 0
v 0.3 -0.5 0
v 0.3 0.7 0
v 0.3 0.8 0
v 0.3 0.9 0
v 0.3 1 0
v 0.3 1.3 0
v 0.3 1.4 0
v 0.3 1.7 0
v 0.3 2.6 0
v 0.3 2.7 0
v 0.3 3.6 0
v 0.3 3.7 0
v 0.4 -0.8 0
v 0.4 -0.7 0
v 0.4 -0.6 0
v 0.4 -0.5 0
v 0.4 -0.1 0
v 0.4 0.1 0
v 0.4 0.3 0
v 0.4 0.8 0
v 0.4 0.9 0
v 0.4 1 0
v 0.4 1.3 0
v 0.4 1.4 0
v 0.4 1.5 0
v 0.4 1.6 0
v 0.4 1.7 0
v 0.4 2.5 0
v 0.4 2.6 0
v 0.4 2.7 0
v 0.5 -0.8 0
v 0.5 -0.7 0
v 0.5 1.1 0
v 0.5 1.2 0
v 0.5 1.4 0
v 0.5 1.5 0
v 0.5 2.2 0
v 0.5 2.3 0
v 0.5 2.5 0
v 0.5 2.6 0
v 0.6 1.1 0
v 0.6 1.2 0
v 0.6 2.4 0
v 0.6 2.5 0
v 0.6 2.6 0
v 0.7 2.2 0
v 0.7 2.3 0
v 0.7 2.4 0
v 0.7 2.5 0
v -0.7 2.3 -0.1
v -0.7 2.4 -0.1
v -0.6 1.2 -0.1
v -0.6 1.3 -0.1
v -0.6 2.4 -0.1
v -0.6 2.5 -0.1
v -0.5 -0.9 -0.1
v -0.5 -0.8 -0.1
v -0.5 1.2 -0.1
v -0.5 1.3 -0.1
v -0.5 1.4 -0.1
v -0.5 2.3 -0.1
v -0.5 2.4 -0.1
v -0.5 2.5 -0.1
v -0.5 3.3 -0.1
v -0.5 3.4 -0.1
v -0.4 -0.8 -0.1
v -0.4 -0.6 -0.1
v -0.4 -0.5 -0.1
v -0.4 -0.1 -0.1
v -0.4 0.8 -0.1
v -0.4 0.9 -0.1
v -0.4 1.3 -0.1
v -0.4 1.4 -0.1
v -0.4 1.6 -0.1
v -0.4 1.8 -0.1
v -0.4 1.9 -0.1
v -0.4 2.4 -0.1
v -0.4 2.5 -0.1
v -0.4 2.6 -0.1
v -0.4 3 -0.1
v -0.4 3.1 -0.1
v -0.4 3.3 -0.1
v -0.4 3.4 -0.1
v -0.4 3.5 -0.1
v -0.4 3.6 -0.1
v -0.3 -0.6 -0.1
v -0.3 -0.5 -0.1
v -0.3 0.7 -0.1
v -0.3 0.8 -0.1
v -0.3 1.4 -0.1
v -0.3 1.7 -0.1
v -0.3 1.8 -0.1
v -0.3 1.9 -0.1
v -0.3 2.9 -0.1
v -0.3 3 -0.1
v -0.3 3.1 -0.1
v -0.2 0.7 -0.1
v -0.2 0.8 -0.1
v -0.2 1.4 -0.1
v -0.2 1.5 -0.1
v -0.2 1.6 -0.1
v -0.2 1.7 -0.1
v -0.2 2.5 -0.1
v -0.2 2.6 -0.1
v -0.2 2.7 -0.1
v -0.2 2.9 -0.1
v -0.2 3 -0.1
v -0.2 3.5 -0.1
v -0.2 3.6 -0.1
v -0.2 3.7 -0.1
v -0.1 -0.9 -0.1
v -0.1 -0.1 -0.1
v -0.1 0.8 -0.1
v -0.1 0.9 -0.1
v -0.1 1.5 -0.1
v -0.1 1.6 -0.1
v -0.1 1.7 -0.1
v -0.1 3.7 -0.1
v -0.1 3.8 -0.1
v -0.1 3.9 -0.1
v 0 3.7 -0.1
v 0 3.8 -0.1
v 0 3.9 -0.1
v 0.1 -0.9 -0.1
v 0.1 -0.1 -0.1
v 0.1 0.8 -0.1
v 0.1 0.9 -0.1
v 0.1 1.5 -0.1
v 0.1 1.6 -0.1
v 0.1 1.7 -0.1
v 0.2 0.7 -0.1
v 0.2 0.8 -0.1
v 0.2 1.4 -0.1
v 0.2 1.5 -0.1
v 0.2 1.6 -0.1
v 0.2 1.7 -0.1
v 0.2 2.5 -0.1
v 0.2 2.6 -0.1
v 0.2 2.7 -0.1
v 0.2 2.9 -0.1
v 0.2 3 -0.1
v 0.2 3.5 -0.1
v 0.2 3.6 -0.1
v 0.2 3.7 -0.1
v 0.3 -0.6 -0.1
v 0.3 -0.5 -0.1
v 0.3 0.7 -0.1
v 0.3 0.8 -0.1
v 0.3 1.4 -0.1
v 0.3 1.7 -0.1
v 0.3 1.8 -0.1
v 0.3 1.9 -0.1
v 0.3 2.9 -0.1
v 0.3 3 -0.1
v 0.3 3.1 -0.1
v 0.4 -0.8 -0.1
v 0.4 -0.6 -0.1
v 0.4 -0.5 -0.1
v 0.4 -0.1 -0.1
v 0.4 0.8 -0.1
v 0.4 0.9 -0.1
v 0.4 1.3 -0.1
v 0.4 1.4 -0.1
v 0.4 1.6 -0.1
v 0.4 1.8 -0.1
v 0.4 1.9 -0.1
v 0.4 2.4 -0.1
v 0.4 2.5 -0.1
v 0.4 2.6 -0.1
v 0.4 3 -0.1
v 0.4 3.1 -0.1
v 0.4 3.3 -0.1
v 0.4 3.4 -0.1
v 0.4 3.5 -0.1
v 0.4 3.6 -0.1
v 0.5 -0.9 -0.1
v 0.5 -0.8 -0.1
v 0.5 1.2 -0.1
v 0.5 1.3 -0.1
v 0.5 1.4 -0.1
v 0.5 2.3 -0.1
v 0.5 2.4 -0.1
v 0.5 2.5 -0.1
v 0.5 3.3 -0.1
v 0.5 3.4 -0.1
v 0.6 1.2 -0.1
v 0.6 1.3 -0.1
v 0.6 2.4 -0.1
v 0.6 2.5 -0.1
v 0.7 2.3 -0.1
v 0.7 2.4 -0.1
v -0.5 2 -0.2
v -0.5 2.4 -0.2
v -0.5 3.2 -0.2
v -0.5 3.3 -0.2
v -0.4 1.9 -0.2
v -0.4 2 -0.2
v -0.4 2.1 -0.2
v -0.4 2.3 -0.2
v -0.4 2.4 -0.2
v -0.4 2.5 -0.2
v -0.4 3.1 -0.2
v -0.4 3.2 -0.2
v -0.4 3.3 -0.2
v -0.4 3.4 -0.2
v -0.4 3.5 -0.2
v -0.3 1 -0.2
v -0.3 1.4 -0.2
v -0.3 1.8 -0.2
v -0.3 1.9 -0.2
v -0.3 2 -0.2
v -0.3 2.1 -0.2
v -0.3 2.3 -0.2
v -0.3 2.4 -0.2
v -0.3 3 -0.2
v -0.3 3.1 -0.2
v -0.3 3.2 -0.2
v -0.3 3.3 -0.2
v -0.3 3.4 -0.2
v -0.3 3.5 -0.2
v -0.2 1 -0.2
v -0.2 1.3 -0.2
v -0.2 1.4 -0.2
v -0.2 1.5 -0.2
v -0.2 2.5 -0.2
v -0.2 2.6 -0.2
v -0.2 2.9 -0.2
v -0.2 3 -0.2
v -0.2 3.1 -0.2
v -0.2 3.2 -0.2
v -0.2 3.5 -0.2
v -0.2 3.6 -0.2
v -0.1 1.3 -0.2
v -0.1 1.4 -0.2
v -0.1 1.9 -0.2
v -0.1 2 -0.2
v -0.1 2.4 -0.2
v -0.1 2.5 -0.2
v -0.1 2.9 -0.2
v -0.1 3.1 -0.2
v -0.1 3.6 -0.2
v -0.1 3.7 -0.2
v -0.1 3.8 -0.2
v 0 3.6 -0.2
v 0 3.7 -0.2
v 0 3.8 -0.2
v 0.1 1.3 -0.2
v 0.1 1.4 -0.2
v 0.1 1.9 -0.2
v 0.1 2 -0.2
v 0.1 2.4 -0.2
v 0.1 2.5 -0.2
v 0.1 2.9 -0.2
v 0.1 3.1 -0.2
v 0.2 1 -0.2
v 0.2 1.3 -0.2
v 0.2 1.4 -0.2
v 0.2 1.5 -0.2
v 0.2 2.5 -0.2
v 0.2 2.6 -0.2
v 0.2 2.9 -0.2
v 0.2 3 -0.2
v 0.2 3.1 -0.2
v 0.2 3.2 -0.2
v 0.2 3.5 -0.2
v 0.2 3.6 -0.2
v 0.3 1 -0.2
v 0.3 1.4 -0.2
v 0.3 1.8 -0.2
v 0.3 1.9 -0.2
v 0.3 2 -0.2
v 0.3 2.1 -0.2
v 0.3 2.3 -0.2
v 0.3 2.4 -0.2
v 0.3 3 -0.2
v 0.3 3.1 -0.2
v 0.3 3.2 -0.2
v 0.3 3.3 -0.2
v 0.3 3.4 -0.2
v 0.3 3.5 -0.2
v 0.4 1.9 -0.2
v 0.4 2 -0.2
v 0.4 2.1 -0.2
v 0.4 2.3 -0.2
v 0.4 2.4 -0.2
v 0.4 2.5 -0.2
v 0.4 3.1 -0.2
v 0.4 3.2 -0.2
v 0.4 3.3 -0.2
v 0.4 3.4 -0.2
v 0.4 3.5 -0.2
v 0.5 2 -0.2
v 0.5 2.4 -0.2
v 0.5 3.2 -0.2
v 0.5 3.3 -0.2
v -0.4 2.1 -0.3
v -0.4 2.3 -0.3
v -0.4 3.3 -0.3
v -0.4 3.4 -0.3
v -0.3 2 -0.3
v -0.3 2.1 -0.3
v -0.3 2.3 -0.3
v -0.3 2.4 -0.3
v -0.3 3.2 -0.3
v -0.3 3.3 -0.3
v -0.3 3.4 -0.3
v -0.3 3.5 -0.3
v -0.2 1 -0.3
v -0.2 1.3 -0.3
v -0.2 3.1 -0.3
v -0.2 3.2 -0.3
v -0.1 1 -0.3
v -0.1 1.2 -0.3
v -0.1 1.3 -0.3
v -0.1 1.4 -0.3
v -0.1 1.9 -0.3
v -0.1 2 -0.3
v -0.1 2.4 -0.3
v -0.1 2.5 -0.3
v -0.1 3.1 -0.3
v -0.1 3.5 -0.3
v -0.1 3.6 -0.3
v -0.1 3.7 -0.3
v 0 2.9 -0.3
v 0 3.5 -0.3
v 0 3.6 -0.3
v 0 3.7 -0.3
v 0.1 1 -0.3
v 0.1 1.2 -0.3
v 0.1 1.3 -0.3
v 0.1 1.4 -0.3
v 0.1 1.9 -0.3
v 0.1 2 -0.3
v 0.1 2.4 -0.3
v 0.1 2.5 -0.3
v 0.1 2.9 -0.3
v 0.1 3.1 -0.3
v 0.2 1 -0.3
v 0.2 1.3 -0.3
v 0.2 3.1 -0.3
v 0.2 3.2 -0.3
v 0.3 2 -0.3
v 0.3 2.1 -0.3
v 0.3 2.3 -0.3
v 0.3 2.4 -0.3
v 0.3 3.2 -0.3
v 0.3 3.3 -0.3
v 0.3 3.4 -0.3
v 0.3 3.5 -0.3
v 0.4 2.1 -0.3
v 0.4 2.3 -0.3
v 0.4 3.3 -0.3
v 0.4 3.4 -0.3
v -0.1 0.9 -0.4
v -0.1 1.2 -0.4
v -0.1 2.9 -0.4
v -0.1 3.6 -0.4
v 0 2.9 -0.4
v 0 3.6 -0.4
v 0.1 0.9 -0.4
v 0.1 1.2 -0.4
v -0.1 2.4 -0.5
v -0.1 2.9 -0.5
v 0 2.4 -0.5
v 0 2.9 -0.5
v -0.1 2 -0.6
v -0.1 2.4 -0.6
v 0 2 -0.6
v 0 2.4 -0.6
v -0.1 -0.9 1.5
v 0.1 -0.9 1.5
v -0.1 -0.9 1.4
v 0.1 -0.9 1.4
v -0.4 -0.9 0.4
v -0.1 -0.9 0.4
v 0.1 -0.9 0.4
v 0.4 -0.9 0.4
v -0.5 -0.9 0.3
v -0.4 -0.9 0.3
v 0.4 -0.9 0.3
v 0.5 -0.9 0.3
v -0.5 -0.9 -0.1
v -0.1 -0.9 -0.1
v 0.1 -0.9 -0.1
v 0.5 -0.9 -0.1
v -0.2 -0.5 0.1
v -0.1 -0.5 0.1
v 0.1 -0.5 0.1
v 0.2 -0.5 0.1
v -0.4 -0.5 0
v -0.3 -0.5 0
v -0.2 -0.5 0
v -0.1 -0.5 0
v 0.1 -0.5 0
v 0.2 -0.5 0
v 0.3 -0.5 0
v 0.4 -0.5 0
v -0.4 -0.5 -0.1
v -0.3 -0.5 -0.1
v 0.3 -0.5 -0.1
v 0.4 -0.5 -0.1
v -0.4 -0.3 0.2
v -0.1 -0.3 0.2
v 0.1 -0.3 0.2
v 0.4 -0.3 0.2
v -0.4 -0.3 0.1
v -0.1 -0.3 0.1
v 0.1 -0.3 0.1
v 0.4 -0.3 0.1
v -0.3 -0.2 0.3
v -0.2 -0.2 0.3
v 0.2 -0.2 0.3
v 0.3 -0.2 0.3
v -0.3 -0.2 0.2
v -0.2 -0.2 0.2
v 0.2 -0.2 0.2
v 0.3 -0.2 0.2
v -0.4 -0.1 0.3
v -0.3 -0.1 0.3
v -0.2 -0.1 0.3
v -0.1 -0.1 0.3
v 0.1 -0.1 0.3
v 0.2 -0.1 0.3
v 0.3 -0.1 0.3
v 0.4 -0.1 0.3
v -0.4 -0.1 0.2
v -0.3 -0.1 0.2
v -0.2 -0.1 0.2
v -0.1 -0.1 0.2
v 0.1 -0.1 0.2
v 0.2 -0.1 0.2
v 0.3 -0.1 0.2
v 0.4 -0.1 0.2
v -0.4 0.2 0.4
v -0.1 0.2 0.4
v 0.1 0.2 0.4
v 0.4 0.2 0.4
v -0.4 0.2 0.3
v -0.1 0.2 0.3
v 0.1 0.2 0.3
v 0.4 0.2 0.3
v -0.4 0.3 0.2
v -0.1 0.3 0.2
v 0.1 0.3 0.2
v 0.4 0.3 0.2
v -0.4 0.3 0
v -0.1 0.3 0
v 0.1 0.3 0
v 0.4 0.3 0
v -0.3 0.7 0
v -0.2 0.7 0
v 0.2 0.7 0
v 0.3 0.7 0
v -0.3 0.7 -0.1
v -0.2 0.7 -0.1
v 0.2 0.7 -0.1
v 0.3 0.7 -0.1
v -0.4 0.8 0.4
v -0.1 0.8 0.4
v 0.1 0.8 0.4
v 0.4 0.8 0.4
v -0.5 0.8 0.3
v -0.4 0.8 0.3
v -0.1 0.8 0.3
v 0.1 0.8 0.3
v 0.4 0.8 0.3
v 0.5 0.8 0.3
v -0.5 0.8 0.1
v -0.4 0.8 0.1
v 0.4 0.8 0.1
v 0.5 0.8 0.1
v -0.4 0.8 0
v -0.3 0.8 0
v -0.2 0.8 0
v -0.1 0.8 0
v 0.1 0.8 0
v 0.2 0.8 0
v 0.3 0.8 0
v 0.4 0.8 0
v -0.4 0.8 -0.1
v -0.3 0.8 -0.1
v -0.2 0.8 -0.1
v -0.1 0.8 -0.1
v 0.1 0.8 -0.1
v 0.2 0.8 -0.1
v 0.3 0.8 -0.1
v 0.4 0.8 -0.1
v -0.1 0.9 0.5
v 0.1 0.9 0.5
v -0.1 0.9 0.4
v 0.1 0.9 0.4
v -0.1 0.9 0.3
v 0.1 0.9 0.3
v -0.1 0.9 -0.3
v 0.1 0.9 -0.3
v -0.1 0.9 -0.4
v 0.1 0.9 -0.4
v -0.3 1 1.5
v -0.1 1 1.5
v 0.1 1 1.5
v 0.3 1 1.5
v -0.3 1 1.4
v -0.1 1 1.4
v 0.1 1 1.4
v 0.3 1 1.4
v -0.2 1 0.4
v -0.1 1 0.4
v 0.1 1 0.4
v 0.2 1 0.4
v -0.2 1 0.3
v -0.1 1 0.3
v 0.1 1 0.3
v 0.2 1 0.3
v -0.3 1 -0.1
v -0.2 1 -0.1
v 0.2 1 -0.1
v 0.3 1 -0.1
v -0.3 1 -0.2
v -0.2 1 -0.2
v -0.1 1 -0.2
v 0.1 1 -0.2
v 0.2 1 -0.2
v 0.3 1 -0.2
v -0.2 1 -0.3
v -0.1 1 -0.3
v 0.1 1 -0.3
v 0.2 1 -0.3
v -0.4 1.1 1.5
v -0.3 1.1 1.5
v 0.3 1.1 1.5
v 0.4 1.1 1.5
v -0.4 1.1 1.4
v -0.3 1.1 1.4
v 0.3 1.1 1.4
v 0.4 1.1 1.4
v -0.6 1.1 0.4
v -0.5 1.1 0.4
v 0.5 1.1 0.4
v 0.6 1.1 0.4
v -0.6 1.1 0
v -0.5 1.1 0
v 0.5 1.1 0
v 0.6 1.1 0
v -0.2 1.1 -0.1
v -0.1 1.1 -0.1
v 0.1 1.1 -0.1
v 0.2 1.1 -0.1
v -0.2 1.1 -0.2
v -0.1 1.1 -0.2
v 0.1 1.1 -0.2
v 0.2 1.1 -0.2
v -0.1 1.1 -0.3
v 0.1 1.1 -0.3
v -0.6 1.2 0.5
v -0.5 1.2 0.5
v -0.2 1.2 0.5
v -0.1 1.2 0.5
v 0.1 1.2 0.5
v 0.2 1.2 0.5
v 0.5 1.2 0.5
v 0.6 1.2 0.5
v -0.6 1.2 0.4
v -0.5 1.2 0.4
v -0.2 1.2 0.4
v -0.1 1.2 0.4
v 0.1 1.2 0.4
v 0.2 1.2 0.4
v 0.5 1.2 0.4
v 0.6 1.2 0.4
v -0.1 1.2 0.3
v 0.1 1.2 0.3
v -0.6 1.2 0
v -0.5 1.2 0
v -0.1 1.2 0
v 0.1 1.2 0
v 0.5 1.2 0
v 0.6 1.2 0
v -0.6 1.2 -0.1
v -0.5 1.2 -0.1
v 0.5 1.2 -0.1
v 0.6 1.2 -0.1
v -0.5 1.3 0.5
v -0.4 1.3 0.5
v 0.4 1.3 0.5
v 0.5 1.3 0.5
v -0.3 1.3 0.4
v -0.2 1.3 0.4
v 0.2 1.3 0.4
v 0.3 1.3 0.4
v -0.4 1.3 0.3
v -0.3 1.3 0.3
v -0.2 1.3 0.3
v 0.2 1.3 0.3
v 0.3 1.3 0.3
v 0.4 1.3 0.3
v -0.4 1.3 0
v 0.4 1.3 0
v -0.5 1.3 -0.1
v -0.4 1.3 -0.1
v -0.1 1.3 -0.1
v 0.1 1.3 -0.1
v 0.4 1.3 -0.1
v 0.5 1.3 -0.1
v -0.1 1.3 -0.2
v 0.1 1.3 -0.2
v -0.5 1.4 1.2
v -0.3 1.4 1.2
v 0.3 1.4 1.2
v 0.5 1.4 1.2
v -0.5 1.4 1.1
v -0.4 1.4 1.1
v 0.4 1.4 1.1
v 0.5 1.4 1.1
v -0.4 1.4 1
v -0.3 1.4 1
v 0.3 1.4 1
v 0.4 1.4 1
v -0.4 1.4 0.5
v -0.3 1.4 0.5
v 0.3 1.4 0.5
v 0.4 1.4 0.5
v -0.3 1.4 0.4
v 0.3 1.4 0.4
v -0.4 1.4 0.3
v -0.3 1.4 0.3
v 0.3 1.4 0.3
v 0.4 1.4 0.3
v -0.4 1.4 0
v -0.3 1.4 0
v 0.3 1.4 0
v 0.4 1.4 0
v -0.4 1.4 -0.1
v -0.3 1.4 -0.1
v 0.3 1.4 -0.1
v 0.4 1.4 -0.1
v -0.2 1.5 1.6
v -0.1 1.5 1.6
v 0.1 1.5 1.6
v 0.2 1.5 1.6
v -0.3 1.5 1.5
v -0.2 1.5 1.5
v -0.1 1.5 1.5
v 0.1 1.5 1.5
v 0.2 1.5 1.5
v 0.3 1.5 1.5
v -0.4 1.5 1.4
v -0.3 1.5 1.4
v -0.1 1.5 1.4
v 0.1 1.5 1.4
v 0.3 1.5 1.4
v 0.4 1.5 1.4
v -0.5 1.5 1.3
v -0.4 1.5 1.3
v -0.2 1.5 1.3
v -0.1 1.5 1.3
v 0.1 1.5 1.3
v 0.2 1.5 1.3
v 0.4 1.5 1.3
v 0.5 1.5 1.3
v -0.5 1.5 1.2
v -0.3 1.5 1.2
v 0.3 1.5 1.2
v 0.5 1.5 1.2
v -0.6 1.5 1.1
v -0.5 1.5 1.1
v -0.4 1.5 1.1
v 0.4 1.5 1.1
v 0.5 1.5 1.1
v 0.6 1.5 1.1
v -0.6 1.5 1
v -0.4 1.5 1
v -0.3 1.5 1
v -0.2 1.5 1
v 0.2 1.5 1
v 0.3 1.5 1
v 0.4 1.5 1
v 0.6 1.5 1
v -0.3 1.5 0.5
v -0.2 1.5 0.5
v 0.2 1.5 0.5
v 0.3 1.5 0.5
v -0.3 1.5 0.4
v -0.2 1.5 0.4
v 0.2 1.5 0.4
v 0.3 1.5 0.4
v -0.7 1.6 1
v -0.6 1.6 1
v -0.4 1.6 1
v 0.4 1.6 1
v 0.6 1.6 1
v 0.7 1.6 1
v -0.8 1.6 0.9
v -0.7 1.6 0.9
v -0.5 1.6 0.9
v -0.4 1.6 0.9
v 0.4 1.6 0.9
v 0.5 1.6 0.9
v 0.7 1.6 0.9
v 0.8 1.6 0.9
v -0.9 1.6 0.8
v -0.8 1.6 0.8
v -0.6 1.6 0.8
v -0.5 1.6 0.8
v 0.5 1.6 0.8
v 0.6 1.6 0.8
v 0.8 1.6 0.8
v 0.9 1.6 0.8
v -0.9 1.6 0.6
v -0.6 1.6 0.6
v 0.6 1.6 0.6
v 0.9 1.6 0.6
v -0.2 1.6 0.5
v -0.1 1.6 0.5
v 0.1 1.6 0.5
v 0.2 1.6 0.5
v -0.2 1.6 0.4
v -0.1 1.6 0.4
v 0.1 1.6 0.4
v 0.2 1.6 0.4
v -0.2 1.6 0
v -0.1 1.6 0
v 0.1 1.6 0
v 0.2 1.6 0
v -0.2 1.6 -0.1
v -0.1 1.6 -0.1
v 0.1 1.6 -0.1
v 0.2 1.6 -0.1
v -0.9 1.7 0.6
v -0.6 1.7 0.6
v 0.6 1.7 0.6
v 0.9 1.7 0.6
v -0.9 1.7 0.5
v -0.6 1.7 0.5
v 0.6 1.7 0.5
v 0.9 1.7 0.5
v -0.3 1.7 0
v -0.2 1.7 0
v -0.1 1.7 0
v 0.1 1.7 0
v 0.2 1.7 0
v 0.3 1.7 0
v -0.3 1.7 -0.1
v -0.2 1.7 -0.1
v -0.1 1.7 -0.1
v 0.1 1.7 -0.1
v 0.2 1.7 -0.1
v 0.3 1.7 -0.1
v -0.9 1.8 0.5
v -0.6 1.8 0.5
v -0.3 1.8 0.5
v 0.3 1.8 0.5
v 0.6 1.8 0.5
v 0.9 1.8 0.5
v -0.9 1.8 0.4
v -0.6 1.8 0.4
v -0.2 1.8 0.4
v 0.2 1.8 0.4
v 0.6 1.8 0.4
v 0.9 1.8 0.4
v -0.4 1.8 0.3
v -0.3 1.8 0.3
v -0.2 1.8 0.3
v 0.2 1.8 0.3
v 0.3 1.8 0.3
v 0.4 1.8 0.3
v -0.4 1.8 -0.1
v -0.3 1.8 -0.1
v 0.3 1.8 -0.1
v 0.4 1.8 -0.1
v -0.3 1.8 -0.2
v 0.3 1.8 -0.2
v -1 1.9 0.6
v -0.9 1.9 0.6
v -0.2 1.9 0.6
v 0.2 1.9 0.6
v 0.9 1.9 0.6
v 1 1.9 0.6
v -0.2 1.9 0.5
v 0.2 1.9 0.5
v -1 1.9 0.4
v -0.9 1.9 0.4
v -0.8 1.9 0.4
v -0.6 1.9 0.4
v -0.4 1.9 0.4
v -0.3 1.9 0.4
v 0.3 1.9 0.4
v 0.4 1.9 0.4
v 0.6 1.9 0.4
v 0.8 1.9 0.4
v 0.9 1.9 0.4
v 1 1.9 0.4
v -0.8 1.9 0.3
v -0.6 1.9 0.3
v -0.4 1.9 0.3
v -0.3 1.9 0.3
v 0.3 1.9 0.3
v 0.4 1.9 0.3
v 0.6 1.9 0.3
v 0.8 1.9 0.3
v -0.4 1.9 -0.1
v -0.3 1.9 -0.1
v 0.3 1.9 -0.1
v 0.4 1.9 -0.1
v -0.4 1.9 -0.2
v -0.3 1.9 -0.2
v -0.1 1.9 -0.2
v 0.1 1.9 -0.2
v 0.3 1.9 -0.2
v 0.4 1.9 -0.2
v -0.1 1.9 -0.3
v 0.1 1.9 -0.3
v -0.3 2 0.6
v -0.2 2 0.6
v 0.2 2 0.6
v 0.3 2 0.6
v -0.4 2 0.5
v -0.3 2 0.5
v -0.2 2 0.5
v 0.2 2 0.5
v 0.3 2 0.5
v 0.4 2 0.5
v -0.9 2 0.4
v -0.8 2 0.4
v -0.5 2 0.4
v -0.4 2 0.4
v -0.3 2 0.4
v 0.3 2 0.4
v 0.4 2 0.4
v 0.5 2 0.4
v 0.8 2 0.4
v 0.9 2 0.4
v -0.9 2 0.3
v -0.8 2 0.3
v -0.6 2 0.3
v 0.6 2 0.3
v 0.8 2 0.3
v 0.9 2 0.3
v -0.8 2 0.2
v -0.6 2 0.2
v 0.6 2 0.2
v 0.8 2 0.2
v -0.5 2 -0.2
v -0.4 2 -0.2
v -0.3 2 -0.2
v -0.1 2 -0.2
v 0.1 2 -0.2
v 0.3 2 -0.2
v 0.4 2 -0.2
v 0.5 2 -0.2
v -0.3 2 -0.3
v -0.1 2 -0.3
v 0.1 2 -0.3
v 0.3 2 -0.3
v -0.1 2 -0.5
v 0 2 -0.5
v -0.1 2 -0.6
v 0 2 -0.6
v -0.5 2.1 0.5
v -0.4 2.1 0.5
v 0.4 2.1 0.5
v 0.5 2.1 0.5
v -0.5 2.1 0.4
v -0.4 2.1 0.4
v 0.4 2.1 0.4
v 0.5 2.1 0.4
v -0.8 2.1 0.2
v -0.6 2.1 0.2
v 0.6 2.1 0.2
v 0.8 2.1 0.2
v -0.8 2.1 0.1
v -0.6 2.1 0.1
v 0.6 2.1 0.1
v 0.8 2.1 0.1
v -0.4 2.1 -0.2
v -0.3 2.1 -0.2
v 0.3 2.1 -0.2
v 0.4 2.1 -0.2
v -0.4 2.1 -0.3
v -0.3 2.1 -0.3
v 0.3 2.1 -0.3
v 0.4 2.1 -0.3
v -0.9 2.2 0.6
v -0.7 2.2 0.6
v 0.7 2.2 0.6
v 0.9 2.2 0.6
v -1 2.2 0.5
v -0.9 2.2 0.5
v 0.9 2.2 0.5
v 1 2.2 0.5
v -0.8 2.2 0.4
v -0.7 2.2 0.4
v -0.6 2.2 0.4
v -0.5 2.2 0.4
v 0.5 2.2 0.4
v 0.6 2.2 0.4
v 0.7 2.2 0.4
v 0.8 2.2 0.4
v -0.6 2.2 0.3
v -0.5 2.2 0.3
v 0.5 2.2 0.3
v 0.6 2.2 0.3
v -1 2.2 0.2
v -0.9 2.2 0.2
v 0.9 2.2 0.2
v 1 2.2 0.2
v -0.9 2.2 0.1
v -0.8 2.2 0.1
v -0.7 2.2 0.1
v -0.6 2.2 0.1
v 0.6 2.2 0.1
v 0.7 2.2 0.1
v 0.8 2.2 0.1
v 0.9 2.2 0.1
v -0.7 2.2 0
v -0.5 2.2 0
v 0.5 2.2 0
v 0.7 2.2 0
v -0.7 2.3 0
v -0.5 2.3 0
v 0.5 2.3 0
v 0.7 2.3 0
v -0.7 2.3 -0.1
v -0.5 2.3 -0.1
v 0.5 2.3 -0.1
v 0.7 2.3 -0.1
v -0.7 2.4 0.4
v -0.6 2.4 0.4
v 0.6 2.4 0.4
v 0.7 2.4 0.4
v -0.7 2.4 0.3
v -0.6 2.4 0.3
v 0.6 2.4 0.3
v 0.7 2.4 0.3
v -0.1 2.4 -0.4
v 0 2.4 -0.4
v -0.1 2.4 -0.5
v 0 2.4 -0.5
v -0.3 2.9 0.6
v -0.2 2.9 0.6
v -0.1 2.9 0.6
v 0.1 2.9 0.6
v 0.2 2.9 0.6
v 0.3 2.9 0.6
v -0.3 2.9 0.5
v -0.2 2.9 0.5
v -0.1 2.9 0.5
v 0.1 2.9 0.5
v 0.2 2.9 0.5
v 0.3 2.9 0.5
v -0.3 2.9 0.4
v -0.2 2.9 0.4
v -0.1 2.9 0.4
v 0.1 2.9 0.4
v 0.2 2.9 0.4
v 0.3 2.9 0.4
v -0.2 2.9 0.3
v -0.1 2.9 0.3
v 0.1 2.9 0.3
v 0.2 2.9 0.3
v -0.2 2.9 0.1
v -0.1 2.9 0.1
v 0.1 2.9 0.1
v 0.2 2.9 0.1
v -0.1 2.9 0
v 0.1 2.9 0
v -0.3 2.9 -0.1
v -0.2 2.9 -0.1
v 0.2 2.9 -0.1
v 0.3 2.9 -0.1
v -0.2 2.9 -0.2
v -0.1 2.9 -0.2
v 0.1 2.9 -0.2
v 0.2 2.9 -0.2
v -0.1 2.9 -0.3
v 0 2.9 -0.3
v 0.1 2.9 -0.3
v -0.1 2.9 -0.4
v 0 2.9 -0.4
v -0.2 3 0.6
v -0.1 3 0.6
v 0.1 3 0.6
v 0.2 3 0.6
v -0.4 3 0.5
v -0.3 3 0.5
v -0.2 3 0.5
v -0.1 3 0.5
v 0.1 3 0.5
v 0.2 3 0.5
v 0.3 3 0.5
v 0.4 3 0.5
v -0.3 3 0.4
v -0.2 3 0.4
v 0.2 3 0.4
v 0.3 3 0.4
v -0.4 3 -0.1
v -0.3 3 -0.1
v -0.2 3 -0.1
v 0.2 3 -0.1
v 0.3 3 -0.1
v 0.4 3 -0.1
v -0.3 3 -0.2
v -0.2 3 -0.2
v 0.2 3 -0.2
v 0.3 3 -0.2
v -0.4 3.1 0.6
v -0.3 3.1 0.6
v 0.3 3.1 0.6
v 0.4 3.1 0.6
v -0.4 3.1 0.5
v -0.3 3.1 0.5
v 0.3 3.1 0.5
v 0.4 3.1 0.5
v -0.4 3.1 -0.1
v -0.3 3.1 -0.1
v 0.3 3.1 -0.1
v 0.4 3.1 -0.1
v -0.4 3.1 -0.2
v -0.3 3.1 -0.2
v -0.2 3.1 -0.2
v -0.1 3.1 -0.2
v 0.1 3.1 -0.2
v 0.2 3.1 -0.2
v 0.3 3.1 -0.2
v 0.4 3.1 -0.2
v -0.2 3.1 -0.3
v -0.1 3.1 -0.3
v 0.1 3.1 -0.3
v 0.2 3.1 -0.3
v -0.6 3.2 0.5
v -0.4 3.2 0.5
v 0.4 3.2 0.5
v 0.6 3.2 0.5
v -0.6 3.2 0.3
v -0.4 3.2 0.3
v 0.4 3.2 0.3
v 0.6 3.2 0.3
v -0.5 3.2 0.2
v -0.4 3.2 0.2
v 0.4 3.2 0.2
v 0.5 3.2 0.2
v -0.5 3.2 -0.2
v -0.4 3.2 -0.2
v -0.3 3.2 -0.2
v -0.2 3.2 -0.2
v 0.2 3.2 -0.2
v 0.3 3.2 -0.2
v 0.4 3.2 -0.2
v 0.5 3.2 -0.2
v -0.3 3.2 -0.3
v -0.2 3.2 -0.3
v 0.2 3.2 -0.3
v 0.3 3.2 -0.3
v -0.3 3.3 0.7
v 0.3 3.3 0.7
v -0.5 3.3 0.6
v -0.3 3.3 0.6
v 0.3 3.3 0.6
v 0.5 3.3 0.6
v -0.5 3.3 0.5
v -0.4 3.3 0.5
v 0.4 3.3 0.5
v 0.5 3.3 0.5
v -0.5 3.3 0.3
v -0.4 3.3 0.3
v 0.4 3.3 0.3
v 0.5 3.3 0.3
v -0.5 3.3 0.2
v -0.4 3.3 0.2
v 0.4 3.3 0.2
v 0.5 3.3 0.2
v -0.4 3.3 -0.2
v -0.3 3.3 -0.2
v 0.3 3.3 -0.2
v 0.4 3.3 -0.2
v -0.4 3.3 -0.3
v -0.3 3.3 -0.3
v 0.3 3.3 -0.3
v 0.4 3.3 -0.3
v -0.1 3.6 -0.2
v 0 3.6 -0.2
v -0.1 3.6 -0.3
v 0 3.6 -0.3
v -0.1 3.7 -0.1
v 0 3.7 -0.1
v -0.1 3.7 -0.2
v 0 3.7 -0.2
v -0.1 3.8 0.3
v 0 3.8 0.3
v -0.1 3.8 0.2
v 0 3.8 0.2
v -0.1 3.8 0
v 0 3.8 0
v -0.1 3.8 -0.1
v 0 3.8 -0.1
v -0.1 3.9 0.2
v 0 3.9 0.2
v -0.1 3.9 0
v 0 3.9 0
v -0.4 -0.8 0.4
v -0.1 -0.8 0.4
v 0.1 -0.8 0.4
v 0.4 -0.8 0.4
v -0.5 -0.8 0.3
v -0.4 -0.8 0.3
v -0.1 -0.8 0.3
v 0.1 -0.8 0.3
v 0.4 -0.8 0.3
v 0.5 -0.8 0.3
v -0.5 -0.8 0.2
v -0.4 -0.8 0.2
v 0.4 -0.8 0.2
v 0.5 -0.8 0.2
v -0.5 -0.8 0
v -0.4 -0.8 0
v 0.4 -0.8 0
v 0.5 -0.8 0
v -0.5 -0.8 -0.1
v -0.4 -0.8 -0.1
v 0.4 -0.8 -0.1
v 0.5 -0.8 -0.1
v -0.4 -0.7 0.3
v -0.1 -0.7 0.3
v 0.1 -0.7 0.3
v 0.4 -0.7 0.3
v -0.5 -0.7 0.2
v -0.4 -0.7 0.2
v -0.1 -0.7 0.2
v 0.1 -0.7 0.2
v 0.4 -0.7 0.2
v 0.5 -0.7 0.2
v -0.5 -0.7 0
v -0.4 -0.7 0
v 0.4 -0.7 0
v 0.5 -0.7 0
v -0.4 -0.6 0.2
v -0.1 -0.6 0.2
v 0.1 -0.6 0.2
v 0.4 -0.6 0.2
v -0.4 -0.6 0.1
v -0.2 -0.6 0.1
v 0.2 -0.6 0.1
v 0.4 -0.6 0.1
v -0.4 -0.6 0
v -0.3 -0.6 0
v -0.2 -0.6 0
v -0.1 -0.6 0
v 0.1 -0.6 0
v 0.2 -0.6 0
v 0.3 -0.6 0
v 0.4 -0.6 0
v -0.4 -0.6 -0.1
v -0.3 -0.6 -0.1
v 0.3 -0.6 -0.1
v 0.4 -0.6 -0.1
v -0.4 -0.1 0
v -0.1 -0.1 0
v 0.1 -0.1 0
v 0.4 -0.1 0
v -0.4 -0.1 -0.1
v -0.1 -0.1 -0.1
v 0.1 -0.1 -0.1
v 0.4 -0.1 -0.1
v -0.4 0.1 0.1
v -0.1 0.1 0.1
v 0.1 0.1 0.1
v 0.4 0.1 0.1
v -0.4 0.1 0
v -0.1 0.1 0
v 0.1 0.1 0
v 0.4 0.1 0
v -0.4 0.2 0.2
v -0.1 0.2 0.2
v 0.1 0.2 0.2
v 0.4 0.2 0.2
v -0.4 0.2 0.1
v -0.1 0.2 0.1
v 0.1 0.2 0.1
v 0.4 0.2 0.1
v -0.4 0.4 0.4
v -0.1 0.4 0.4
v 0.1 0.4 0.4
v 0.4 0.4 0.4
v -0.4 0.4 0.3
v -0.1 0.4 0.3
v 0.1 0.4 0.3
v 0.4 0.4 0.3
v -0.4 0.9 0.4
v -0.1 0.9 0.4
v 0.1 0.9 0.4
v 0.4 0.9 0.4
v -0.5 0.9 0.3
v -0.4 0.9 0.3
v -0.2 0.9 0.3
v -0.1 0.9 0.3
v 0.1 0.9 0.3
v 0.2 0.9 0.3
v 0.4 0.9 0.3
v 0.5 0.9 0.3
v -0.5 0.9 0.1
v -0.4 0.9 0.1
v 0.4 0.9 0.1
v 0.5 0.9 0.1
v -0.4 0.9 0
v -0.3 0.9 0
v -0.1 0.9 0
v 0.1 0.9 0
v 0.3 0.9 0
v 0.4 0.9 0
v -0.4 0.9 -0.1
v -0.1 0.9 -0.1
v 0.1 0.9 -0.1
v 0.4 0.9 -0.1
v -0.4 1.2 1.5
v -0.1 1.2 1.5
v 0.1 1.2 1.5
v 0.4 1.2 1.5
v -0.4 1.2 1.4
v -0.1 1.2 1.4
v 0.1 1.2 1.4
v 0.4 1.2 1.4
v -0.1 1.2 -0.3
v 0.1 1.2 -0.3
v -0.1 1.2 -0.4
v 0.1 1.2 -0.4
v -0.6 1.3 0.5
v -0.5 1.3 0.5
v 0.5 1.3 0.5
v 0.6 1.3 0.5
v -0.6 1.3 -0.1
v -0.5 1.3 -0.1
v 0.5 1.3 -0.1
v 0.6 1.3 -0.1
v -0.2 1.3 -0.2
v -0.1 1.3 -0.2
v 0.1 1.3 -0.2
v 0.2 1.3 -0.2
v -0.2 1.3 -0.3
v -0.1 1.3 -0.3
v 0.1 1.3 -0.3
v 0.2 1.3 -0.3
v -0.5 1.4 0.5
v -0.4 1.4 0.5
v 0.4 1.4 0.5
v 0.5 1.4 0.5
v -0.5 1.4 0.3
v -0.4 1.4 0.3
v 0.4 1.4 0.3
v 0.5 1.4 0.3
v -0.5 1.4 0
v -0.4 1.4 0
v 0.4 1.4 0
v 0.5 1.4 0
v -0.5 1.4 -0.1
v -0.4 1.4 -0.1
v -0.3 1.4 -0.1
v -0.2 1.4 -0.1
v 0.2 1.4 -0.1
v 0.3 1.4 -0.1
v 0.4 1.4 -0.1
v 0.5 1.4 -0.1
v -0.3 1.4 -0.2
v -0.2 1.4 -0.2
v -0.1 1.4 -0.2
v 0.1 1.4 -0.2
v 0.2 1.4 -0.2
v 0.3 1.4 -0.2
v -0.1 1.4 -0.3
v 0.1 1.4 -0.3
v -0.1 1.5 1.5
v 0.1 1.5 1.5
v -0.1 1.5 1.4
v 0.1 1.5 1.4
v -0.4 1.5 0.5
v -0.3 1.5 0.5
v -0.2 1.5 0.5
v -0.1 1.5 0.5
v 0.1 1.5 0.5
v 0.2 1.5 0.5
v 0.3 1.5 0.5
v 0.4 1.5 0.5
v -0.4 1.5 0.4
v -0.3 1.5 0.4
v -0.2 1.5 0.4
v -0.1 1.5 0.4
v 0.1 1.5 0.4
v 0.2 1.5 0.4
v 0.3 1.5 0.4
v 0.4 1.5 0.4
v -0.5 1.5 0.3
v -0.4 1.5 0.3
v 0.4 1.5 0.3
v 0.5 1.5 0.3
v -0.5 1.5 0
v -0.4 1.5 0
v -0.2 1.5 0
v -0.1 1.5 0
v 0.1 1.5 0
v 0.2 1.5 0
v 0.4 1.5 0
v 0.5 1.5 0
v -0.2 1.5 -0.1
v -0.1 1.5 -0.1
v 0.1 1.5 -0.1
v 0.2 1.5 -0.1
v -0.2 1.5 -0.2
v 0.2 1.5 -0.2
v -0.2 1.6 1.6
v -0.1 1.6 1.6
v 0.1 1.6 1.6
v 0.2 1.6 1.6
v -0.3 1.6 1.5
v -0.2 1.6 1.5
v 0.2 1.6 1.5
v 0.3 1.6 1.5
v -0.4 1.6 1.4
v -0.3 1.6 1.4
v -0.2 1.6 1.4
v 0.2 1.6 1.4
v 0.3 1.6 1.4
v 0.4 1.6 1.4
v -0.5 1.6 1.3
v -0.4 1.6 1.3
v -0.3 1.6 1.3
v -0.2 1.6 1.3
v -0.1 1.6 1.3
v 0.1 1.6 1.3
v 0.2 1.6 1.3
v 0.3 1.6 1.3
v 0.4 1.6 1.3
v 0.5 1.6 1.3
v -0.5 1.6 1.2
v -0.4 1.6 1.2
v 0.4 1.6 1.2
v 0.5 1.6 1.2
v -0.3 1.6 1
v -0.2 1.6 1
v 0.2 1.6 1
v 0.3 1.6 1
v -0.3 1.6 0.5
v -0.2 1.6 0.5
v -0.1 1.6 0.5
v 0.1 1.6 0.5
v 0.2 1.6 0.5
v 0.3 1.6 0.5
v -0.4 1.6 0.4
v -0.3 1.6 0.4
v -0.2 1.6 0.4
v -0.1 1.6 0.4
v 0.1 1.6 0.4
v 0.2 1.6 0.4
v 0.3 1.6 0.4
v 0.4 1.6 0.4
v -0.4 1.6 0.3
v -0.3 1.6 0.3
v 0.3 1.6 0.3
v 0.4 1.6 0.3
v -0.4 1.6 0
v -0.2 1.6 0
v -0.1 1.6 0
v 0.1 1.6 0
v 0.2 1.6 0
v 0.4 1.6 0
v -0.4 1.6 -0.1
v -0.2 1.6 -0.1
v -0.1 1.6 -0.1
v 0.1 1.6 -0.1
v 0.2 1.6 -0.1
v 0.4 1.6 -0.1
v -0.3 1.7 1.4
v -0.2 1.7 1.4
v 0.2 1.7 1.4
v 0.3 1.7 1.4
v -0.4 1.7 1.3
v -0.3 1.7 1.3
v -0.2 1.7 1.3
v 0.2 1.7 1.3
v 0.3 1.7 1.3
v 0.4 1.7 1.3
v -0.5 1.7 1.2
v -0.4 1.7 1.2
v 0.4 1.7 1.2
v 0.5 1.7 1.2
v -0.6 1.7 1.1
v -0.5 1.7 1.1
v -0.4 1.7 1.1
v 0.4 1.7 1.1
v 0.5 1.7 1.1
v 0.6 1.7 1.1
v -0.6 1.7 1
v -0.5 1.7 1
v -0.4 1.7 1
v -0.3 1.7 1
v 0.3 1.7 1
v 0.4 1.7 1
v 0.5 1.7 1
v 0.6 1.7 1
v -0.2 1.7 0.5
v -0.1 1.7 0.5
v 0.1 1.7 0.5
v 0.2 1.7 0.5
v -0.3 1.7 0.4
v -0.2 1.7 0.4
v -0.1 1.7 0.4
v 0.1 1.7 0.4
v 0.2 1.7 0.4
v 0.3 1.7 0.4
v -0.4 1.7 0.3
v -0.3 1.7 0.3
v -0.2 1.7 0.3
v 0.2 1.7 0.3
v 0.3 1.7 0.3
v 0.4 1.7 0.3
v -0.4 1.7 0
v -0.3 1.7 0
v 0.3 1.7 0
v 0.4 1.7 0
v -0.5 1.8 1.1
v -0.4 1.8 1.1
v 0.4 1.8 1.1
v 0.5 1.8 1.1
v -0.7 1.8 1
v -0.5 1.8 1
v 0.5 1.8 1
v 0.7 1.8 1
v -0.8 1.8 0.9
v -0.7 1.8 0.9
v -0.6 1.8 0.9
v -0.5 1.8 0.9
v -0.4 1.8 0.9
v 0.4 1.8 0.9
v 0.5 1.8 0.9
v 0.6 1.8 0.9
v 0.7 1.8 0.9
v 0.8 1.8 0.9
v -0.9 1.8 0.8
v -0.8 1.8 0.8
v -0.7 1.8 0.8
v -0.6 1.8 0.8
v -0.5 1.8 0.8
v 0.5 1.8 0.8
v 0.6 1.8 0.8
v 0.7 1.8 0.8
v 0.8 1.8 0.8
v 0.9 1.8 0.8
v -0.9 1.8 0.7
v -0.8 1.8 0.7
v 0.8 1.8 0.7
v 0.9 1.8 0.7
v -0.7 1.9 0.9
v -0.6 1.9 0.9
v 0.6 1.9 0.9
v 0.7 1.9 0.9
v -0.8 1.9 0.8
v -0.7 1.9 0.8
v 0.7 1.9 0.8
v 0.8 1.9 0.8
v -0.9 1.9 0.7
v -0.8 1.9 0.7
v -0.7 1.9 0.7
v 0.7 1.9 0.7
v 0.8 1.9 0.7
v 0.9 1.9 0.7
v -0.9 1.9 0.6
v -0.8 1.9 0.6
v -0.7 1.9 0.6
v -0.6 1.9 0.6
v 0.6 1.9 0.6
v 0.7 1.9 0.6
v 0.8 1.9 0.6
v 0.9 1.9 0.6
v -0.8 2 0.7
v -0.7 2 0.7
v 0.7 2 0.7
v 0.8 2 0.7
v -1 2 0.6
v -0.9 2 0.6
v -0.8 2 0.6
v -0.7 2 0.6
v -0.6 2 0.6
v 0.6 2 0.6
v 0.7 2 0.6
v 0.8 2 0.6
v 0.9 2 0.6
v 1 2 0.6
v -0.7 2 0.5
v -0.6 2 0.5
v 0.6 2 0.5
v 0.7 2 0.5
v -1 2 0.4
v -0.9 2 0.4
v 0.9 2 0.4
v 1 2 0.4
v -0.9 2.1 0.6
v -0.7 2.1 0.6
v 0.7 2.1 0.6
v 0.9 2.1 0.6
v -0.7 2.1 0.5
v -0.6 2.1 0.5
v 0.6 2.1 0.5
v 0.7 2.1 0.5
v -0.8 2.1 0.4
v -0.6 2.1 0.4
v 0.6 2.1 0.4
v 0.8 2.1 0.4
v -0.9 2.1 0.3
v -0.8 2.1 0.3
v 0.8 2.1 0.3
v 0.9 2.1 0.3
v -0.3 2.2 0.6
v -0.2 2.2 0.6
v 0.2 2.2 0.6
v 0.3 2.2 0.6
v -0.3 2.2 0.5
v -0.2 2.2 0.5
v 0.2 2.2 0.5
v 0.3 2.2 0.5
v -0.7 2.2 0.4
v -0.6 2.2 0.4
v 0.6 2.2 0.4
v 0.7 2.2 0.4
v -0.7 2.2 0.3
v -0.6 2.2 0.3
v 0.6 2.2 0.3
v 0.7 2.2 0.3
v -0.9 2.3 0.6
v -0.8 2.3 0.6
v -0.2 2.3 0.6
v -0.1 2.3 0.6
v 0.1 2.3 0.6
v 0.2 2.3 0.6
v 0.8 2.3 0.6
v 0.9 2.3 0.6
v -1 2.3 0.5
v -0.9 2.3 0.5
v -0.8 2.3 0.5
v -0.5 2.3 0.5
v -0.4 2.3 0.5
v -0.2 2.3 0.5
v -0.1 2.3 0.5
v 0.1 2.3 0.5
v 0.2 2.3 0.5
v 0.4 2.3 0.5
v 0.5 2.3 0.5
v 0.8 2.3 0.5
v 0.9 2.3 0.5
v 1 2.3 0.5
v -1 2.3 0.4
v -0.9 2.3 0.4
v -0.5 2.3 0.4
v -0.4 2.3 0.4
v 0.4 2.3 0.4
v 0.5 2.3 0.4
v 0.9 2.3 0.4
v 1 2.3 0.4
v -1 2.3 0.3
v -0.9 2.3 0.3
v 0.9 2.3 0.3
v 1 2.3 0.3
v -1 2.3 0.2
v -0.9 2.3 0.2
v -0.8 2.3 0.2
v 0.8 2.3 0.2
v 0.9 2.3 0.2
v 1 2.3 0.2
v -0.9 2.3 0.1
v -0.8 2.3 0.1
v 0.8 2.3 0.1
v 0.9 2.3 0.1
v -0.4 2.3 -0.2
v -0.3 2.3 -0.2
v 0.3 2.3 -0.2
v 0.4 2.3 -0.2
v -0.4 2.3 -0.3
v -0.3 2.3 -0.3
v 0.3 2.3 -0.3
v 0.4 2.3 -0.3
v -0.8 2.4 0.6
v -0.7 2.4 0.6
v -0.1 2.4 0.6
v 0.1 2.4 0.6
v 0.7 2.4 0.6
v 0.8 2.4 0.6
v -0.9 2.4 0.5
v -0.8 2.4 0.5
v -0.7 2.4 0.5
v -0.4 2.4 0.5
v -0.3 2.4 0.5
v -0.1 2.4 0.5
v 0.1 2.4 0.5
v 0.3 2.4 0.5
v 0.4 2.4 0.5
v 0.7 2.4 0.5
v 0.8 2.4 0.5
v 0.9 2.4 0.5
v -1 2.4 0.4
v -0.9 2.4 0.4
v -0.8 2.4 0.4
v -0.6 2.4 0.4
v -0.5 2.4 0.4
v -0.4 2.4 0.4
v -0.3 2.4 0.4
v 0.3 2.4 0.4
v 0.4 2.4 0.4
v 0.5 2.4 0.4
v 0.6 2.4 0.4
v 0.8 2.4 0.4
v 0.9 2.4 0.4
v 1 2.4 0.4
v -1 2.4 0.3
v -0.9 2.4 0.3
v -0.8 2.4 0.3
v -0.6 2.4 0.3
v -0.5 2.4 0.3
v 0.5 2.4 0.3
v 0.6 2.4 0.3
v 0.8 2.4 0.3
v 0.9 2.4 0.3
v 1 2.4 0.3
v -0.9 2.4 0.2
v -0.8 2.4 0.2
v 0.8 2.4 0.2
v 0.9 2.4 0.2
v -0.7 2.4 0
v -0.6 2.4 0
v 0.6 2.4 0
v 0.7 2.4 0
v -0.7 2.4 -0.1
v -0.6 2.4 -0.1
v -0.5 2.4 -0.1
v -0.4 2.4 -0.1
v 0.4 2.4 -0.1
v 0.5 2.4 -0.1
v 0.6 2.4 -0.1
v 0.7 2.4 -0.1
v -0.5 2.4 -0.2
v -0.4 2.4 -0.2
v -0.3 2.4 -0.2
v -0.1 2.4 -0.2
v 0.1 2.4 -0.2
v 0.3 2.4 -0.2
v 0.4 2.4 -0.2
v 0.5 2.4 -0.2
v -0.3 2.4 -0.3
v -0.1 2.4 -0.3
v 0.1 2.4 -0.3
v 0.3 2.4 -0.3
v -0.1 2.4 -0.5
v 0 2.4 -0.5
v -0.1 2.4 -0.6
v 0 2.4 -0.6
v -0.8 2.5 0.5
v -0.7 2.5 0.5
v -0.3 2.5 0.5
v -0.2 2.5 0.5
v 0.2 2.5 0.5
v 0.3 2.5 0.5
v 0.7 2.5 0.5
v 0.8 2.5 0.5
v -0.9 2.5 0.4
v -0.8 2.5 0.4
v -0.7 2.5 0.4
v -0.6 2.5 0.4
v -0.5 2.5 0.4
v -0.3 2.5 0.4
v -0.2 2.5 0.4
v 0.2 2.5 0.4
v 0.3 2.5 0.4
v 0.5 2.5 0.4
v 0.6 2.5 0.4
v 0.7 2.5 0.4
v 0.8 2.5 0.4
v 0.9 2.5 0.4
v -0.9 2.5 0.3
v -0.8 2.5 0.3
v -0.6 2.5 0.3
v -0.5 2.5 0.3
v -0.4 2.5 0.3
v -0.3 2.5 0.3
v 0.3 2.5 0.3
v 0.4 2.5 0.3
v 0.5 2.5 0.3
v 0.6 2.5 0.3
v 0.8 2.5 0.3
v 0.9 2.5 0.3
v -0.8 2.5 0.2
v -0.7 2.5 0.2
v -0.6 2.5 0.2
v -0.5 2.5 0.2
v -0.4 2.5 0.2
v 0.4 2.5 0.2
v 0.5 2.5 0.2
v 0.6 2.5 0.2
v 0.7 2.5 0.2
v 0.8 2.5 0.2
v -0.8 2.5 0.1
v -0.7 2.5 0.1
v -0.6 2.5 0.1
v 0.6 2.5 0.1
v 0.7 2.5 0.1
v 0.8 2.5 0.1
v -0.7 2.5 0
v -0.6 2.5 0
v -0.5 2.5 0
v -0.4 2.5 0
v 0.4 2.5 0
v 0.5 2.5 0
v 0.6 2.5 0
v 0.7 2.5 0
v -0.6 2.5 -0.1
v -0.5 2.5 -0.1
v -0.4 2.5 -0.1
v -0.2 2.5 -0.1
v 0.2 2.5 -0.1
v 0.4 2.5 -0.1
v 0.5 2.5 -0.1
v 0.6 2.5 -0.1
v -0.4 2.5 -0.2
v -0.2 2.5 -0.2
v -0.1 2.5 -0.2
v 0.1 2.5 -0.2
v 0.2 2.5 -0.2
v 0.4 2.5 -0.2
v -0.1 2.5 -0.3
v 0.1 2.5 -0.3
v -0.2 2.6 0.5
v 0.2 2.6 0.5
v -0.3 2.6 0.4
v -0.2 2.6 0.4
v 0.2 2.6 0.4
v 0.3 2.6 0.4
v -0.8 2.6 0.3
v -0.6 2.6 0.3
v -0.4 2.6 0.3
v -0.3 2.6 0.3
v -0.2 2.6 0.3
v 0.2 2.6 0.3
v 0.3 2.6 0.3
v 0.4 2.6 0.3
v 0.6 2.6 0.3
v 0.8 2.6 0.3
v -0.8 2.6 0.2
v -0.7 2.6 0.2
v -0.6 2.6 0.2
v -0.5 2.6 0.2
v -0.4 2.6 0.2
v -0.3 2.6 0.2
v 0.3 2.6 0.2
v 0.4 2.6 0.2
v 0.5 2.6 0.2
v 0.6 2.6 0.2
v 0.7 2.6 0.2
v 0.8 2.6 0.2
v -0.6 2.6 0.1
v 0.6 2.6 0.1
v -0.6 2.6 0
v -0.5 2.6 0
v -0.4 2.6 0
v -0.3 2.6 0
v -0.2 2.6 0
v 0.2 2.6 0
v 0.3 2.6 0
v 0.4 2.6 0
v 0.5 2.6 0
v 0.6 2.6 0
v -0.4 2.6 -0.1
v -0.2 2.6 -0.1
v 0.2 2.6 -0.1
v 0.4 2.6 -0.1
v -0.2 2.6 -0.2
v 0.2 2.6 -0.2
v -0.2 2.7 0.4
v -0.1 2.7 0.4
v 0.1 2.7 0.4
v 0.2 2.7 0.4
v -0.3 2.7 0.3
v -0.2 2.7 0.3
v -0.1 2.7 0.3
v 0.1 2.7 0.3
v 0.2 2.7 0.3
v 0.3 2.7 0.3
v -0.7 2.7 0.2
v -0.6 2.7 0.2
v -0.4 2.7 0.2
v -0.3 2.7 0.2
v -0.2 2.7 0.2
v 0.2 2.7 0.2
v 0.3 2.7 0.2
v 0.4 2.7 0.2
v 0.6 2.7 0.2
v 0.7 2.7 0.2
v -0.7 2.7 0.1
v -0.6 2.7 0.1
v -0.3 2.7 0.1
v -0.2 2.7 0.1
v 0.2 2.7 0.1
v 0.3 2.7 0.1
v 0.6 2.7 0.1
v 0.7 2.7 0.1
v -0.4 2.7 0
v -0.3 2.7 0
v -0.2 2.7 0
v 0.2 2.7 0
v 0.3 2.7 0
v 0.4 2.7 0
v -0.2 2.7 -0.1
v 0.2 2.7 -0.1
v -0.3 2.8 0.2
v -0.2 2.8 0.2
v 0.2 2.8 0.2
v 0.3 2.8 0.2
v -0.3 2.8 0.1
v -0.2 2.8 0.1
v -0.1 2.8 0.1
v 0.1 2.8 0.1
v 0.2 2.8 0.1
v 0.3 2.8 0.1
v -0.2 2.8 0
v -0.1 2.8 0
v 0.1 2.8 0
v 0.2 2.8 0
v -0.1 2.9 -0.4
v 0 2.9 -0.4
v -0.1 2.9 -0.5
v 0 2.9 -0.5
v -0.1 3.1 0.6
v 0.1 3.1 0.6
v -0.1 3.1 0.5
v 0.1 3.1 0.5
v -0.4 3.2 0.6
v -0.1 3.2 0.6
v 0.1 3.2 0.6
v 0.4 3.2 0.6
v -0.4 3.2 0.5
v -0.1 3.2 0.5
v 0.1 3.2 0.5
v 0.4 3.2 0.5
v -0.5 3.3 -0.1
v -0.4 3.3 -0.1
v 0.4 3.3 -0.1
v 0.5 3.3 -0.1
v -0.5 3.3 -0.2
v -0.4 3.3 -0.2
v 0.4 3.3 -0.2
v 0.5 3.3 -0.2
v -0.3 3.4 0.7
v -0.1 3.4 0.7
v 0.1 3.4 0.7
v 0.3 3.4 0.7
v -0.5 3.4 0.6
v -0.3 3.4 0.6
v -0.1 3.4 0.6
v 0.1 3.4 0.6
v 0.3 3.4 0.6
v 0.5 3.4 0.6
v -0.6 3.4 0.5
v -0.5 3.4 0.5
v -0.4 3.4 0.5
v -0.3 3.4 0.5
v 0.3 3.4 0.5
v 0.4 3.4 0.5
v 0.5 3.4 0.5
v 0.6 3.4 0.5
v -0.6 3.4 0.3
v -0.5 3.4 0.3
v 0.5 3.4 0.3
v 0.6 3.4 0.3
v -0.5 3.4 -0.1
v -0.4 3.4 -0.1
v 0.4 3.4 -0.1
v 0.5 3.4 -0.1
v -0.4 3.4 -0.2
v -0.3 3.4 -0.2
v 0.3 3.4 -0.2
v 0.4 3.4 -0.2
v -0.4 3.4 -0.3
v -0.3 3.4 -0.3
v 0.3 3.4 -0.3
v 0.4 3.4 -0.3
v -0.1 3.5 0.7
v 0.1 3.5 0.7
v -0.3 3.5 0.6
v -0.2 3.5 0.6
v -0.1 3.5 0.6
v 0.1 3.5 0.6
v 0.2 3.5 0.6
v 0.3 3.5 0.6
v -0.3 3.5 0.5
v -0.2 3.5 0.5
v 0.2 3.5 0.5
v 0.3 3.5 0.5
v -0.4 3.5 -0.1
v -0.2 3.5 -0.1
v 0.2 3.5 -0.1
v 0.4 3.5 -0.1
v -0.4 3.5 -0.2
v -0.3 3.5 -0.2
v -0.2 3.5 -0.2
v 0.2 3.5 -0.2
v 0.3 3.5 -0.2
v 0.4 3.5 -0.2
v -0.3 3.5 -0.3
v -0.1 3.5 -0.3
v 0 3.5 -0.3
v 0.3 3.5 -0.3
v -0.2 3.6 0.6
v -0.1 3.6 0.6
v 0.1 3.6 0.6
v 0.2 3.6 0.6
v -0.4 3.6 0.5
v -0.3 3.6 0.5
v -0.2 3.6 0.5
v -0.1 3.6 0.5
v 0.1 3.6 0.5
v 0.2 3.6 0.5
v 0.3 3.6 0.5
v 0.4 3.6 0.5
v -0.3 3.6 0
v -0.2 3.6 0
v 0.2 3.6 0
v 0.3 3.6 0
v -0.4 3.6 -0.1
v -0.2 3.6 -0.1
v 0.2 3.6 -0.1
v 0.4 3.6 -0.1
v -0.2 3.6 -0.2
v -0.1 3.6 -0.2
v 0 3.6 -0.2
v 0.2 3.6 -0.2
v -0.1 3.6 -0.3
v 0 3.6 -0.3
v -0.1 3.6 -0.4
v 0 3.6 -0.4
v -0.3 3.7 0.5
v -0.2 3.7 0.5
v 0.2 3.7 0.5
v 0.3 3.7 0.5
v -0.2 3.7 0.3
v 0.2 3.7 0.3
v -0.3 3.7 0
v -0.2 3.7 0
v 0.2 3.7 0
v 0.3 3.7 0
v -0.2 3.7 -0.1
v -0.1 3.7 -0.1
v 0 3.7 -0.1
v 0.2 3.7 -0.1
v -0.1 3.7 -0.2
v 0 3.7 -0.2
v -0.1 3.7 -0.3
v 0 3.7 -0.3
v -0.1 3.8 0.6
v 0.1 3.8 0.6
v -0.2 3.8 0.5
v -0.1 3.8 0.5
v 0.1 3.8 0.5
v 0.2 3.8 0.5
v -0.2 3.8 0.3
v -0.1 3.8 0.3
v 0.1 3.8 0.3
v 0.2 3.8 0.3
v -0.1 3.8 -0.1
v 0 3.8 -0.1
v -0.1 3.8 -0.2
v 0 3.8 -0.2
v -0.1 3.9 0.5
v 0.1 3.9 0.5
v -0.1 3.9 0.3
v 0 3.9 0.3
v 0.1 3.9 0.3
v -0.1 3.9 0.2
v 0 3.9 0.2
v -0.1 3.9 0
v 0 3.9 0
v -0.1 3.9 -0.1
v 0 3.9 -0.1
v -0.1 4 0.2
v 0 4 0.2
v -0.1 4 0
v 0 4 0

# faces
f 3/3/1 2/3/1 1/3/1
f 4/3/1 2/3/1 3/3/1
f 7/3/1 6/3/1 5/3/1
f 8/3/1 6/3/1 7/3/1
f 9/3/1 6/3/1 8/3/1
f 10/3/1 6/3/1 9/3/1
f 11/3/1 9/3/1 8/3/1
f 12/3/1 9/3/1 11/3/1
f 15/3/1 14/3/1 13/3/1
f 17/3/1 15/3/1 13/3/1
f 17/3/1 16/3/1 15/3/1
f 18/3/1 16/3/1 17/3/1
f 19/3/1 16/3/1 18/3/1
f 21/3/1 20/3/1 19/3/1
f 21/3/1 19/3/1 18/3/1
f 22/3/1 20/3/1 21/3/1
f 23/3/1 20/3/1 22/3/1
f 27/3/1 25/3/1 24/3/1
f 27/3/1 26/3/1 25/3/1
f 28/3/1 26/3/1 27/3/1
f 33/3/1 30/3/1 29/3/1
f 34/3/1 30/3/1 33/3/1
f 37/3/1 32/3/1 31/3/1
f 38/3/1 32/3/1 37/3/1
f 39/3/1 35/3/1 34/3/1
f 40/3/1 35/3/1 39/3/1
f 41/3/1 37/3/1 36/3/1
f 42/3/1 37/3/1 41/3/1
f 43/3/1 41/3/1 40/3/1
f 44/3/1 41/3/1 43/3/1
f 47/3/1 46/3/1 45/3/1
f 48/3/1 46/3/1 47/3/1
f 50/3/1 49/3/1 48/3/1
f 51/3/1 49/3/1 50/3/1
f 55/3/1 52/3/1 51/3/1
f 56/3/1 52/3/1 55/3/1
f 57/3/1 54/3/1 53/3/1
f 58/3/1 54/3/1 57/3/1
f 61/3/1 59/3/1 58/3/1
f 62/3/1 59/3/1 61/3/1
f 64/4/1 61/4/1 60/4/1
f 64/4/1 63/4/1 62/4/1
f 64/4/1 62/4/1 61/4/1
f 65/4/1 63/4/1 64/4/1
f 70/3/1 67/3/1 66/3/1
f 71/3/1 67/3/1 70/3/1
f 74/4/1 69/4/1 68/4/1
f 75/4/1 69/4/1 74/4/1
f 76/3/1 72/3/1 71/3/1
f 77/3/1 72/3/1 76/3/1
f 78/3/1 75/3/1 74/3/1
f 78/3/1 74/3/1 73/3/1
f 79/3/1 75/3/1 78/3/1
f 80/3/1 75/3/1 79/3/1
f 81/3/1 79/3/1 78/3/1
f 82/3/1 79/3/1 81/3/1
f 85/3/1 84/3/1 83/3/1
f 86/3/1 84/3/1 85/3/1
f 88/3/1 87/3/1 86/3/1
f 89/3/1 87/3/1 88/3/1
f 92/4/1 91/4/1 90/4/1
f 94/4/1 92/4/1 90/4/1
f 94/4/1 93/4/1 92/4/1
f 95/4/1 93/4/1 94/4/1
f 96/4/1 93/4/1 95/4/1
f 98/4/1 95/4/1 94/4/1
f 99/4/1 95/4/1 98/4/1
f 100/3/1 98/3/1 97/3/1
f 101/3/1 98/3/1 100/3/1
f 102/3/1 98/3/1 101/3/1
f 106/3/1 104/3/1 103/3/1
f 107/3/1 104/3/1 106/3/1
f 109/3/1 106/3/1 105/3/1
f 109/3/1 108/3/1 107/3/1
f 109/3/1 107/3/1 106/3/1
f 110/3/1 108/3/1 109/3/1
f 113/3/1 112/3/1 111/3/1
f 114/3/1 113/3/1 111/3/1
f 115/3/1 113/3/1 114/3/1
f 118/3/1 117/3/1 116/3/1
f 119/3/1 117/3/1 118/3/1
f 123/4/1 121/4/1 120/4/1
f 124/4/1 121/4/1 123/4/1
f 125/4/1 123/4/1 122/4/1
f 126/4/1 123/4/1 125/4/1
f 129/3/1 128/3/1 127/3/1
f 130/3/1 128/3/1 129/3/1
f 133/3/1 132/3/1 131/3/1
f 134/3/1 132/3/1 133/3/1
f 135/3/1 132/3/1 134/3/1
f 136/3/1 132/3/1 135/3/1
f 137/3/1 135/3/1 134/3/1
f 138/3/1 135/3/1 137/3/1
f 141/3/1 140/3/1 139/3/1
f 142/3/1 140/3/1 141/3/1
f 147/3/1 144/3/1 143/3/1
f 148/3/1 144/3/1 147/3/1
f 149/3/1 144/3/1 148/3/1
f 150/3/1 144/3/1 149/3/1
f 152/3/1 146/3/1 145/3/1
f 153/3/1 146/3/1 152/3/1
f 154/3/1 149/3/1 148/3/1
f 155/3/1 149/3/1 154/3/1
f 156/3/1 153/3/1 152/3/1
f 156/3/1 152/3/1 151/3/1
f 157/3/1 153/3/1 156/3/1
f 158/3/1 153/3/1 157/3/1
f 159/3/1 153/3/1 158/3/1
f 161/3/1 160/3/1 159/3/1
f 162/3/1 160/3/1 161/3/1
f 166/3/1 164/3/1 163/3/1
f 167/3/1 164/3/1 166/3/1
f 167/3/1 166/3/1 165/3/1
f 168/3/1 164/3/1 167/3/1
f 169/3/1 164/3/1 168/3/1
f 170/3/1 167/3/1 165/3/1
f 171/3/1 167/3/1 170/3/1
f 172/3/1 164/3/1 169/3/1
f 173/3/1 164/3/1 172/3/1
f 176/3/1 164/3/1 173/3/1
f 177/3/1 164/3/1 176/3/1
f 178/3/1 175/3/1 174/3/1
f 179/3/1 175/3/1 178/3/1
f 185/3/1 181/3/1 180/3/1
f 186/3/1 181/3/1 185/3/1
f 187/3/1 181/3/1 186/3/1
f 188/3/1 183/3/1 182/3/1
f 189/3/1 183/3/1 188/3/1
f 190/3/1 185/3/1 184/3/1
f 190/3/1 186/3/1 185/3/1
f 191/3/1 186/3/1 190/3/1
f 194/3/1 193/3/1 192/3/1
f 195/3/1 193/3/1 194/3/1
f 199/3/1 196/3/1 195/3/1
f 200/3/1 196/3/1 199/3/1
f 201/3/1 198/3/1 197/3/1
f 202/3/1 201/3/1 200/3/1
f 203/3/1 201/3/1 202/3/1
f 204/3/1 198/3/1 201/3/1
f 204/3/1 201/3/1 203/3/1
f 205/3/1 198/3/1 204/3/1
f 206/3/1 204/3/1 203/3/1
f 209/3/1 206/3/1 203/3/1
f 209/3/1 207/3/1 206/3/1
f 211/3/1 209/3/1 208/3/1
f 212/3/1 207/3/1 209/3/1
f 212/3/1 209/3/1 211/3/1
f 213/3/1 207/3/1 212/3/1
f 214/3/1 211/3/1 210/3/1
f 214/3/1 212/3/1 211/3/1
f 215/3/1 212/3/1 214/3/1
f 217/3/1 214/3/1 210/3/1
f 218/3/1 214/3/1 217/3/1
f 219/3/1 214/3/1 218/3/1
f 220/3/1 217/3/1 216/3/1
f 220/3/1 218/3/1 217/3/1
f 222/3/1 220/3/1 216/3/1
f 222/3/1 221/3/1 220/3/1
f 223/3/1 221/3/1 222/3/1
f 225/3/1 221/3/1 223/3/1
f 226/3/1 221/3/1 225/3/1
f 227/3/1 221/3/1 226/3/1
f 229/3/1 225/3/1 224/3/1
f 230/3/1 225/3/1 229/3/1
f 231/3/1 227/3/1 226/3/1
f 231/3/1 228/3/1 227/3/1
f 232/3/1 228/3/1 231/3/1
f 233/3/1 228/3/1 232/3/1
f 234/3/1 231/3/1 230/3/1
f 234/3/1 232/3/1 231/3/1
f 235/3/1 232/3/1 234/3/1
f 238/3/1 234/3/1 230/3/1
f 239/4/1 235/4/1 234/4/1
f 239/3/1 234/3/1 238/3/1
f 240/4/1 237/4/1 236/4/1
f 241/4/1 237/4/1 240/4/1
f 242/4/1 239/4/1 238/4/1
f 243/4/1 235/4/1 239/4/1
f 243/4/1 239/4/1 242/4/1
f 252/3/1 245/3/1 244/3/1
f 253/3/1 245/3/1 252/3/1
f 254/3/1 247/3/1 246/3/1
f 255/3/1 247/3/1 254/3/1
f 256/3/1 247/3/1 255/3/1
f 257/3/1 249/3/1 248/3/1
f 258/3/1 251/3/1 250/3/1
f 259/3/1 251/3/1 258/3/1
f 261/3/1 257/3/1 256/3/1
f 261/3/1 256/3/1 255/3/1
f 262/3/1 257/3/1 261/3/1
f 263/3/1 249/3/1 257/3/1
f 263/3/1 257/3/1 262/3/1
f 264/3/1 249/3/1 263/3/1
f 265/3/1 260/3/1 259/3/1
f 266/3/1 260/3/1 265/3/1
f 267/3/1 263/3/1 262/3/1
f 268/3/1 263/3/1 267/3/1
f 272/3/1 270/3/1 269/3/1
f 273/3/1 270/3/1 272/3/1
f 276/3/1 273/3/1 272/3/1
f 276/3/1 274/3/1 273/3/1
f 276/3/1 272/3/1 271/3/1
f 277/3/1 274/3/1 276/3/1
f 278/3/1 276/3/1 275/3/1
f 279/3/1 276/3/1 278/3/1
f 284/3/1 281/3/1 280/3/1
f 285/3/1 281/3/1 284/3/1
f 286/3/1 283/3/1 282/3/1
f 287/3/1 283/3/1 286/3/1
f 293/3/1 289/3/1 288/3/1
f 294/3/1 289/3/1 293/3/1
f 295/3/1 291/3/1 290/3/1
f 296/3/1 291/3/1 295/3/1
f 297/3/1 293/3/1 292/3/1
f 298/3/1 293/3/1 297/3/1
f 299/3/1 297/3/1 296/3/1
f 300/3/1 297/3/1 299/3/1
f 304/3/1 302/3/1 301/3/1
f 305/3/1 302/3/1 304/3/1
f 307/3/1 305/3/1 304/3/1
f 307/3/1 306/3/1 305/3/1
f 307/3/1 304/3/1 303/3/1
f 308/3/1 306/3/1 307/3/1
f 309/3/1 306/3/1 308/3/1
f 310/3/1 306/3/1 309/3/1
f 311/3/1 306/3/1 310/3/1
f 312/3/1 310/3/1 309/3/1
f 313/3/1 310/3/1 312/3/1
f 318/3/1 315/3/1 314/3/1
f 318/3/1 316/3/1 315/3/1
f 319/3/1 316/3/1 318/3/1
f 320/3/1 316/3/1 319/3/1
f 321/3/1 318/3/1 317/3/1
f 321/3/1 319/3/1 318/3/1
f 322/3/1 319/3/1 321/3/1
f 323/3/1 321/3/1 317/3/1
f 324/3/1 321/3/1 323/3/1
f 327/3/1 326/3/1 325/3/1
f 328/3/1 326/3/1 327/3/1
f 331/3/1 330/3/1 329/3/1
f 332/3/1 330/3/1 331/3/1
f 335/3/1 334/3/1 333/3/1
f 336/3/1 334/3/1 335/3/1
f 341/4/1 338/4/1 337/4/1
f 342/4/1 338/4/1 341/4/1
f 345/3/1 344/3/1 343/3/1
f 346/3/1 344/3/1 345/3/1
f 347/3/1 340/3/1 339/3/1
f 348/3/1 340/3/1 347/3/1
f 353/3/1 350/3/1 349/3/1
f 354/3/1 350/3/1 353/3/1
f 356/3/1 352/3/1 351/3/1
f 357/3/1 352/3/1 356/3/1
f 359/3/1 355/3/1 354/3/1
f 360/3/1 355/3/1 359/3/1
f 361/3/1 358/3/1 357/3/1
f 362/3/1 358/3/1 361/3/1
f 366/3/1 364/3/1 363/3/1
f 366/3/1 363/3/1 362/3/1
f 367/3/1 364/3/1 366/3/1
f 369/3/1 366/3/1 365/3/1
f 370/3/1 366/3/1 369/3/1
f 371/3/1 368/3/1 367/3/1
f 372/3/1 368/3/1 371/3/1
f 374/3/1 369/3/1 365/3/1
f 375/3/1 369/3/1 374/3/1
f 378/3/1 377/3/1 376/3/1
f 379/3/1 377/3/1 378/3/1
f 380/3/1 374/3/1 373/3/1
f 381/3/1 374/3/1 380/3/1
f 386/3/1 383/3/1 382/3/1
f 387/3/1 383/3/1 386/3/1
f 388/3/1 385/3/1 384/3/1
f 389/3/1 385/3/1 388/3/1
f 391/3/1 390/3/1 389/3/1
f 392/3/1 390/3/1 391/3/1
f 394/4/1 393/4/1 392/4/1
f 395/4/1 393/4/1 394/4/1
f 397/4/1 396/4/1 395/4/1
f 398/4/1 396/4/1 397/4/1
f 403/4/1 400/4/1 399/4/1
f 404/3/1 402/3/1 401/3/1
f 405/3/1 402/3/1 404/3/1
f 407/4/1 403/4/1 399/4/1
f 408/4/1 403/4/1 407/4/1
f 409/3/1 406/3/1 405/3/1
f 410/3/1 406/3/1 409/3/1
f 415/3/1 412/3/1 411/3/1
f 416/3/1 412/3/1 415/3/1
f 417/3/1 414/3/1 413/3/1
f 418/3/1 414/3/1 417/3/1
f 422/3/1 419/3/1 418/3/1
f 423/3/1 419/3/1 422/3/1
f 424/3/1 421/3/1 420/3/1
f 425/3/1 421/3/1 424/3/1
f 428/3/1 427/3/1 426/3/1
f 429/3/1 427/3/1 428/3/1
f 435/3/1 431/3/1 430/3/1
f 436/3/1 431/3/1 435/3/1
f 436/3/1 435/3/1 434/3/1
f 437/3/1 431/3/1 436/3/1
f 438/3/1 433/3/1 432/3/1
f 439/3/1 433/3/1 438/3/1
f 444/3/1 436/3/1 434/3/1
f 445/3/1 436/3/1 444/3/1
f 446/3/1 441/3/1 440/3/1
f 447/3/1 441/3/1 446/3/1
f 448/3/1 443/3/1 442/3/1
f 449/3/1 443/3/1 448/3/1
f 454/3/1 451/3/1 450/3/1
f 455/3/1 451/3/1 454/3/1
f 457/3/1 453/3/1 452/3/1
f 458/3/1 453/3/1 457/3/1
f 459/3/1 456/3/1 455/3/1
f 460/3/1 456/3/1 459/3/1
f 463/3/1 462/3/1 461/3/1
f 464/3/1 462/3/1 463/3/1
f 467/3/1 466/3/1 465/3/1
f 468/3/1 466/3/1 467/3/1
f 473/3/1 470/3/1 469/3/1
f 474/3/1 470/3/1 473/3/1
f 477/3/1 472/3/1 471/3/1
f 478/3/1 472/3/1 477/3/1
f 479/4/1 475/4/1 474/4/1
f 480/4/1 475/4/1 479/4/1
f 483/4/1 477/4/1 476/4/1
f 484/4/1 477/4/1 483/4/1
f 485/4/1 481/4/1 480/4/1
f 486/4/1 483/4/1 482/4/1
f 487/4/1 483/4/1 486/4/1
f 490/4/1 485/4/1 480/4/1
f 490/4/1 486/4/1 485/4/1
f 491/4/1 486/4/1 490/4/1
f 494/3/1 489/3/1 488/3/1
f 495/3/1 489/3/1 494/3/1
f 496/3/1 493/3/1 492/3/1
f 497/3/1 493/3/1 496/3/1
f 500/3/1 499/3/1 498/3/1
f 501/3/1 499/3/1 500/3/1
f 506/3/1 503/3/1 502/3/1
f 507/3/1 503/3/1 506/3/1
f 509/3/1 505/3/1 504/3/1
f 510/3/1 505/3/1 509/3/1
f 513/3/1 509/3/1 508/3/1
f 514/3/1 509/3/1 513/3/1
f 515/3/1 512/3/1 511/3/1
f 516/3/1 512/3/1 515/3/1
f 524/2/1 518/2/1 517/2/1
f 525/2/1 518/2/1 524/2/1
f 526/3/1 520/3/1 519/3/1
f 526/3/1 521/3/1 520/3/1
f 527/3/1 521/3/1 526/3/1
f 528/3/1 523/3/1 522/3/1
f 531/3/1 526/3/1 519/3/1
f 532/3/1 526/3/1 531/3/1
f 533/3/1 523/3/1 528/3/1
f 534/3/1 523/3/1 533/3/1
f 537/3/1 536/3/1 535/3/1
f 538/3/1 536/3/1 537/3/1
f 539/4/1 530/4/1 529/4/1
f 540/4/1 530/4/1 539/4/1
f 545/3/1 542/3/1 541/3/1
f 546/3/1 542/3/1 545/3/1
f 547/3/1 544/3/1 543/3/1
f 548/3/1 544/3/1 547/3/1
f 551/3/1 550/3/1 549/3/1
f 552/3/1 550/3/1 551/3/1
f 557/3/1 556/3/1 555/3/1
f 558/3/1 556/3/1 557/3/1
f 562/1/1 554/1/1 553/1/1
f 563/1/1 554/1/1 562/1/1
f 564/3/1 560/3/1 559/3/1
f 565/3/1 560/3/1 564/3/1
f 572/4/1 567/4/1 566/4/1
f 573/4/1 567/4/1 572/4/1
f 574/4/1 569/4/1 568/4/1
f 575/4/1 569/4/1 574/4/1
f 578/1/1 562/1/1 561/1/1
f 579/1/1 562/1/1 578/1/1
f 580/3/1 571/3/1 570/3/1
f 581/3/1 571/3/1 580/3/1
f 582/3/1 577/3/1 576/3/1
f 583/1/1 578/1/1 577/1/1
f 583/3/1 577/3/1 582/3/1
f 586/3/1 585/3/1 584/3/1
f 587/3/1 585/3/1 586/3/1
f 588/1/1 578/1/1 583/1/1
f 592/1/1 578/1/1 588/1/1
f 593/1/1 578/1/1 592/1/1
f 595/1/1 592/1/1 591/1/1
f 596/1/1 592/1/1 595/1/1
f 597/3/1 590/3/1 589/3/1
f 598/3/1 590/3/1 597/3/1
f 602/1/1 595/1/1 594/1/1
f 603/1/1 595/1/1 602/1/1
f 604/3/1 599/3/1 598/3/1
f 605/1/1 600/1/1 599/1/1
f 605/3/1 599/3/1 604/3/1
f 606/1/1 600/1/1 605/1/1
f 607/1/1 602/1/1 601/1/1
f 608/1/1 602/1/1 607/1/1
f 609/1/1 607/1/1 606/1/1
f 610/1/1 607/1/1 609/1/1
f 613/3/1 612/3/1 611/3/1
f 614/3/1 612/3/1 613/3/1
f 615/3/1 612/3/1 614/3/1
f 616/3/1 612/3/1 615/3/1
f 617/3/1 612/3/1 616/3/1
f 618/3/1 612/3/1 617/3/1
f 620/3/1 612/3/1 618/3/1
f 622/3/1 620/3/1 619/3/1
f 624/3/1 622/3/1 621/3/1
f 625/3/1 612/3/1 620/3/1
f 625/3/1 620/3/1 622/3/1
f 625/3/1 622/3/1 624/3/1
f 626/3/1 612/3/1 625/3/1
f 627/3/1 624/3/1 623/3/1
f 627/3/1 625/3/1 624/3/1
f 628/3/1 625/3/1 627/3/1
f 630/3/1 627/3/1 623/3/1
f 631/3/1 627/3/1 630/3/1
f 632/3/1 627/3/1 631/3/1
f 633/3/1 630/3/1 629/3/1
f 633/3/1 631/3/1 630/3/1
f 635/3/1 633/3/1 629/3/1
f 635/3/1 634/3/1 633/3/1
f 636/3/1 634/3/1 635/3/1
f 638/3/1 634/3/1 636/3/1
f 639/3/1 634/3/1 638/3/1
f 641/3/1 639/3/1 638/3/1
f 641/3/1 640/3/1 639/3/1
f 641/3/1 638/3/1 637/3/1
f 642/3/1 640/3/1 641/3/1
f 643/3/1 640/3/1 642/3/1
f 644/3/1 640/3/1 643/3/1
f 648/3/1 646/3/1 645/3/1
f 649/3/1 646/3/1 648/3/1
f 650/4/1 643/4/1 642/4/1
f 651/4/1 643/4/1 650/4/1
f 652/3/1 648/3/1 647/3/1
f 653/3/1 648/3/1 652/3/1
f 658/3/1 655/3/1 654/3/1
f 658/3/1 657/3/1 656/3/1
f 658/3/1 656/3/1 655/3/1
f 659/3/1 657/3/1 658/3/1
f 664/3/1 661/3/1 660/3/1
f 665/3/1 661/3/1 664/3/1
f 666/3/1 663/3/1 662/3/1
f 667/3/1 663/3/1 666/3/1
f 670/3/1 669/3/1 668/3/1
f 671/3/1 669/3/1 670/3/1
f 674/3/1 673/3/1 672/3/1
f 675/3/1 673/3/1 674/3/1
f 678/3/1 677/3/1 676/3/1
f 679/3/1 677/3/1 678/3/1
f 682/3/1 681/3/1 680/3/1
f 683/3/1 681/3/1 682/3/1
f 686/3/1 685/3/1 684/3/1
f 687/3/1 685/3/1 686/3/1
f 695/3/1 689/3/1 688/3/1
f 696/3/1 689/3/1 695/3/1
f 697/3/1 691/3/1 690/3/1
f 698/3/1 691/3/1 697/3/1
f 699/3/1 693/3/1 692/3/1
f 700/3/1 693/3/1 699/3/1
f 701/3/1 695/3/1 694/3/1
f 702/3/1 695/3/1 701/3/1
f 705/4/1 704/4/1 703/4/1
f 706/4/1 704/4/1 705/4/1
f 711/3/1 708/3/1 707/3/1
f 712/3/1 708/3/1 711/3/1
f 713/3/1 710/3/1 709/3/1
f 714/3/1 710/3/1 713/3/1
f 717/3/1 716/3/1 715/3/1
f 718/3/1 716/3/1 717/3/1
f 723/3/1 720/3/1 719/3/1
f 724/3/1 720/3/1 723/3/1
f 725/3/1 722/3/1 721/3/1
f 726/3/1 722/3/1 725/3/1
f 730/3/1 728/3/1 727/3/1
f 731/3/1 730/3/1 729/3/1
f 732/3/1 728/3/1 730/3/1
f 732/3/1 730/3/1 731/3/1
f 736/3/1 734/3/1 733/3/1
f 737/3/1 734/3/1 736/3/1
f 739/3/1 736/3/1 735/3/1
f 739/3/1 738/3/1 737/3/1
f 739/3/1 737/3/1 736/3/1
f 740/3/1 738/3/1 739/3/1
f 743/3/1 742/3/1 741/3/1
f 744/3/1 742/3/1 743/3/1
f 747/3/1 746/3/1 745/3/1
f 750/3/1 747/3/1 745/3/1
f 750/3/1 748/3/1 747/3/1
f 751/3/1 748/3/1 750/3/1
f 753/3/1 750/3/1 749/3/1
f 753/3/1 752/3/1 751/3/1
f 753/3/1 751/3/1 750/3/1
f 754/3/1 752/3/1 753/3/1
f 755/3/1 752/3/1 754/3/1
f 757/3/1 756/3/1 755/3/1
f 757/3/1 755/3/1 754/3/1
f 758/3/1 756/3/1 757/3/1
f 759/3/1 756/3/1 758/3/1
f 761/3/1 760/3/1 759/3/1
f 761/3/1 759/3/1 758/3/1
f 762/3/1 760/3/1 761/3/1
f 763/3/1 760/3/1 762/3/1
f 765/4/1 764/4/1 763/4/1
f 765/4/1 763/4/1 762/4/1
f 766/4/1 764/4/1 765/4/1
f 767/4/1 764/4/1 766/4/1
f 770/3/1 769/3/1 768/3/1
f 771/3/1 769/3/1 770/3/1
f 773/3/1 772/3/1 771/3/1
f 774/3/1 772/3/1 773/3/1
f 776/3/1 775/3/1 774/3/1
f 777/3/1 775/3/1 776/3/1
f 780/3/1 779/3/1 778/3/1
f 781/3/1 779/3/1 780/3/1
f 783/3/1 782/3/1 781/3/1
f 784/3/1 782/3/1 783/3/1
f 788/3/1 786/3/1 785/3/1
f 788/3/1 787/3/1 786/3/1
f 789/3/1 787/3/1 788/3/1
f 790/3/1 787/3/1 789/3/1
f 791/3/1 787/3/1 790/3/1
f 792/3/1 790/3/1 789/3/1
f 793/3/1 790/3/1 792/3/1
f 794/3/2 795/3/2 796/3/2
f 796/3/2 795/3/2 797/3/2
f 797/3/2 798/3/2 799/3/2
f 799/3/2 798/3/2 800/3/2
f 801/3/2 802/3/2 804/3/2
f 802/3/2 803/3/2 804/3/2
f 804/3/2 803/3/2 805/3/2
f 805/3/2 803/3/2 806/3/2
f 806/3/2 803/3/2 807/3/2
f 805/3/2 806/3/2 808/3/2
f 808/3/2 806/3/2 809/3/2
f 810/3/2 811/3/2 812/3/2
f 810/3/2 812/3/2 815/3/2
f 812/3/2 813/3/2 815/3/2
f 815/3/2 813/3/2 816/3/2
f 814/3/2 815/3/2 818/3/2
f 816/3/2 817/3/2 818/3/2
f 815/3/2 816/3/2 818/3/2
f 818/3/2 817/3/2 819/3/2
f 819/3/2 817/3/2 820/3/2
f 820/3/2 821/3/2 822/3/2
f 819/3/2 820/3/2 822/3/2
f 822/3/2 821/3/2 823/3/2
f 823/3/2 821/3/2 824/3/2
f 824/3/2 825/3/2 826/3/2
f 823/3/2 824/3/2 826/3/2
f 826/3/2 825/3/2 827/3/2
f 827/3/2 825/3/2 828/3/2
f 828/4/2 829/4/2 830/4/2
f 827/4/2 828/4/2 830/4/2
f 830/4/2 829/4/2 831/4/2
f 831/4/2 829/4/2 832/4/2
f 833/3/2 834/3/2 835/3/2
f 835/3/2 834/3/2 836/3/2
f 836/3/2 837/3/2 838/3/2
f 838/3/2 837/3/2 839/3/2
f 839/3/2 840/3/2 841/3/2
f 841/3/2 840/3/2 842/3/2
f 843/3/2 844/3/2 846/3/2
f 846/3/2 844/3/2 847/3/2
f 845/3/2 846/3/2 849/3/2
f 847/3/2 848/3/2 849/3/2
f 846/3/2 847/3/2 849/3/2
f 849/3/2 848/3/2 850/3/2
f 851/3/2 852/3/2 853/3/2
f 853/3/2 852/3/2 854/3/2
f 855/3/2 856/3/2 859/3/2
f 859/3/2 856/3/2 860/3/2
f 857/3/2 858/3/2 861/3/2
f 861/3/2 858/3/2 862/3/2
f 863/3/2 864/3/2 866/3/2
f 865/3/2 866/3/2 867/3/2
f 866/3/2 864/3/2 868/3/2
f 867/3/2 866/3/2 868/3/2
f 869/3/2 870/3/2 873/3/2
f 873/3/2 870/3/2 874/3/2
f 871/3/2 872/3/2 875/3/2
f 875/3/2 872/3/2 876/3/2
f 877/3/2 878/3/2 879/3/2
f 879/3/2 878/3/2 880/3/2
f 881/3/2 882/3/2 883/3/2
f 883/3/2 882/3/2 884/3/2
f 885/3/2 886/3/2 887/3/2
f 887/3/2 886/3/2 888/3/2
f 889/3/2 890/3/2 891/3/2
f 891/3/2 890/3/2 892/3/2
f 893/3/2 894/3/2 895/3/2
f 895/3/2 894/3/2 896/3/2
f 897/3/2 898/3/2 904/3/2
f 904/3/2 898/3/2 905/3/2
f 899/3/2 900/3/2 906/3/2
f 906/3/2 900/3/2 907/3/2
f 901/3/2 902/3/2 908/3/2
f 908/3/2 902/3/2 909/3/2
f 903/3/2 904/3/2 910/3/2
f 910/3/2 904/3/2 911/3/2
f 912/4/2 913/4/2 914/4/2
f 914/4/2 913/4/2 915/4/2
f 916/3/2 917/3/2 918/3/2
f 918/3/2 917/3/2 919/3/2
f 919/3/2 917/3/2 920/3/2
f 920/3/2 917/3/2 921/3/2
f 921/3/2 917/3/2 922/3/2
f 922/3/2 917/3/2 923/3/2
f 923/3/2 917/3/2 925/3/2
f 924/3/2 925/3/2 927/3/2
f 926/3/2 927/3/2 929/3/2
f 925/3/2 917/3/2 930/3/2
f 927/3/2 925/3/2 930/3/2
f 929/3/2 927/3/2 930/3/2
f 930/3/2 917/3/2 931/3/2
f 928/3/2 929/3/2 932/3/2
f 929/3/2 930/3/2 932/3/2
f 932/3/2 930/3/2 933/3/2
f 928/3/2 932/3/2 935/3/2
f 935/3/2 932/3/2 936/3/2
f 936/3/2 932/3/2 937/3/2
f 934/3/2 935/3/2 938/3/2
f 935/3/2 936/3/2 938/3/2
f 934/3/2 938/3/2 940/3/2
f 938/3/2 939/3/2 940/3/2
f 940/3/2 939/3/2 941/3/2
f 941/3/2 939/3/2 943/3/2
f 943/3/2 939/3/2 944/3/2
f 943/3/2 944/3/2 946/3/2
f 944/3/2 945/3/2 946/3/2
f 942/3/2 943/3/2 946/3/2
f 946/3/2 945/3/2 947/3/2
f 947/3/2 945/3/2 948/3/2
f 948/3/2 945/3/2 949/3/2
f 950/3/2 951/3/2 953/3/2
f 953/3/2 951/3/2 954/3/2
f 947/4/2 948/4/2 955/4/2
f 955/4/2 948/4/2 956/4/2
f 952/3/2 953/3/2 957/3/2
f 957/3/2 953/3/2 958/3/2
f 959/3/2 960/3/2 963/3/2
f 961/3/2 962/3/2 963/3/2
f 960/3/2 961/3/2 963/3/2
f 963/3/2 962/3/2 964/3/2
f 965/3/2 966/3/2 969/3/2
f 969/3/2 966/3/2 970/3/2
f 967/3/2 968/3/2 971/3/2
f 971/3/2 968/3/2 972/3/2
f 973/3/2 974/3/2 975/3/2
f 975/3/2 974/3/2 976/3/2
f 977/1/2 978/1/2 980/1/2
f 980/1/2 978/1/2 981/1/2
f 979/1/2 980/1/2 983/1/2
f 983/1/2 980/1/2 984/1/2
f 982/1/2 983/1/2 985/1/2
f 985/1/2 983/1/2 987/1/2
f 987/1/2 983/1/2 988/1/2
f 986/1/2 987/1/2 990/1/2
f 990/1/2 987/1/2 991/1/2
f 989/1/2 990/1/2 995/1/2
f 995/1/2 990/1/2 996/1/2
f 992/1/2 993/1/2 997/1/2
f 997/1/2 993/1/2 998/1/2
f 994/1/2 995/1/2 999/1/2
f 999/1/2 995/1/2 1000/1/2
f 998/1/2 999/1/2 1001/1/2
f 1001/1/2 999/1/2 1002/1/2
f 1003/2/2 1004/2/2 1010/2/2
f 1010/2/2 1004/2/2 1011/2/2
f 1005/3/2 1006/3/2 1012/3/2
f 1006/3/2 1007/3/2 1012/3/2
f 1012/3/2 1007/3/2 1013/3/2
f 1008/3/2 1009/3/2 1014/3/2
f 1005/3/2 1012/3/2 1017/3/2
f 1017/3/2 1012/3/2 1018/3/2
f 1014/3/2 1009/3/2 1019/3/2
f 1019/3/2 1009/3/2 1020/3/2
f 1021/3/2 1022/3/2 1023/3/2
f 1023/3/2 1022/3/2 1024/3/2
f 1015/4/2 1016/4/2 1025/4/2
f 1025/4/2 1016/4/2 1026/4/2
f 1027/3/2 1028/3/2 1031/3/2
f 1031/3/2 1028/3/2 1032/3/2
f 1029/3/2 1030/3/2 1033/3/2
f 1033/3/2 1030/3/2 1034/3/2
f 1035/3/2 1036/3/2 1037/3/2
f 1037/3/2 1036/3/2 1038/3/2
f 1039/3/2 1040/3/2 1041/3/2
f 1041/3/2 1040/3/2 1042/3/2
f 1043/3/2 1044/3/2 1045/3/2
f 1045/3/2 1044/3/2 1046/3/2
f 1047/4/2 1048/4/2 1053/4/2
f 1053/4/2 1048/4/2 1054/4/2
f 1049/4/2 1050/4/2 1055/4/2
f 1055/4/2 1050/4/2 1056/4/2
f 1051/3/2 1052/3/2 1059/3/2
f 1059/3/2 1052/3/2 1060/3/2
f 1057/3/2 1058/3/2 1061/3/2
f 1061/3/2 1058/3/2 1062/3/2
f 1063/3/2 1064/3/2 1065/3/2
f 1065/3/2 1064/3/2 1066/3/2
f 1067/3/2 1068/3/2 1069/3/2
f 1069/3/2 1068/3/2 1070/3/2
f 1070/3/2 1071/3/2 1072/3/2
f 1072/3/2 1071/3/2 1073/3/2
f 1074/3/2 1075/3/2 1079/3/2
f 1079/3/2 1075/3/2 1080/3/2
f 1078/3/2 1079/3/2 1080/3/2
f 1080/3/2 1075/3/2 1081/3/2
f 1076/3/2 1077/3/2 1082/3/2
f 1082/3/2 1077/3/2 1083/3/2
f 1078/3/2 1080/3/2 1088/3/2
f 1088/3/2 1080/3/2 1089/3/2
f 1084/3/2 1085/3/2 1090/3/2
f 1090/3/2 1085/3/2 1091/3/2
f 1086/3/2 1087/3/2 1092/3/2
f 1092/3/2 1087/3/2 1093/3/2
f 1094/3/2 1095/3/2 1098/3/2
f 1098/3/2 1095/3/2 1099/3/2
f 1096/3/2 1097/3/2 1101/3/2
f 1101/3/2 1097/3/2 1102/3/2
f 1099/3/2 1100/3/2 1103/3/2
f 1103/3/2 1100/3/2 1104/3/2
f 1105/3/2 1106/3/2 1107/3/2
f 1107/3/2 1106/3/2 1108/3/2
f 1109/3/2 1110/3/2 1111/3/2
f 1111/3/2 1110/3/2 1112/3/2
f 1113/3/2 1114/3/2 1117/3/2
f 1117/3/2 1114/3/2 1118/3/2
f 1115/3/2 1116/3/2 1121/3/2
f 1121/3/2 1116/3/2 1122/3/2
f 1118/4/2 1119/4/2 1123/4/2
f 1123/4/2 1119/4/2 1124/4/2
f 1120/4/2 1121/4/2 1127/4/2
f 1127/4/2 1121/4/2 1128/4/2
f 1124/4/2 1125/4/2 1129/4/2
f 1126/4/2 1127/4/2 1130/4/2
f 1130/4/2 1127/4/2 1131/4/2
f 1124/4/2 1129/4/2 1134/4/2
f 1129/4/2 1130/4/2 1134/4/2
f 1134/4/2 1130/4/2 1135/4/2
f 1132/3/2 1133/3/2 1138/3/2
f 1138/3/2 1133/3/2 1139/3/2
f 1136/3/2 1137/3/2 1140/3/2
f 1140/3/2 1137/3/2 1141/3/2
f 1142/3/2 1143/3/2 1144/3/2
f 1144/3/2 1143/3/2 1145/3/2
f 1146/3/2 1147/3/2 1150/3/2
f 1150/3/2 1147/3/2 1151/3/2
f 1148/3/2 1149/3/2 1153/3/2
f 1153/3/2 1149/3/2 1154/3/2
f 1152/3/2 1153/3/2 1157/3/2
f 1157/3/2 1153/3/2 1158/3/2
f 1155/3/2 1156/3/2 1159/3/2
f 1159/3/2 1156/3/2 1160/3/2
f 1161/3/2 1162/3/2 1163/3/2
f 1163/3/2 1162/3/2 1164/3/2
f 1165/3/2 1166/3/2 1167/3/2
f 1167/3/2 1166/3/2 1168/3/2
f 1169/3/2 1170/3/2 1171/3/2
f 1171/3/2 1170/3/2 1172/3/2
f 1173/4/2 1174/4/2 1177/4/2
f 1177/4/2 1174/4/2 1178/4/2
f 1179/3/2 1180/3/2 1181/3/2
f 1181/3/2 1180/3/2 1182/3/2
f 1175/3/2 1176/3/2 1183/3/2
f 1183/3/2 1176/3/2 1184/3/2
f 1185/3/2 1186/3/2 1189/3/2
f 1189/3/2 1186/3/2 1190/3/2
f 1187/3/2 1188/3/2 1192/3/2
f 1192/3/2 1188/3/2 1193/3/2
f 1190/3/2 1191/3/2 1195/3/2
f 1195/3/2 1191/3/2 1196/3/2
f 1193/3/2 1194/3/2 1197/3/2
f 1197/3/2 1194/3/2 1198/3/2
f 1199/3/2 1200/3/2 1202/3/2
f 1198/3/2 1199/3/2 1202/3/2
f 1202/3/2 1200/3/2 1203/3/2
f 1201/3/2 1202/3/2 1205/3/2
f 1205/3/2 1202/3/2 1206/3/2
f 1203/3/2 1204/3/2 1207/3/2
f 1207/3/2 1204/3/2 1208/3/2
f 1201/3/2 1205/3/2 1210/3/2
f 1210/3/2 1205/3/2 1211/3/2
f 1212/3/2 1213/3/2 1214/3/2
f 1214/3/2 1213/3/2 1215/3/2
f 1209/3/2 1210/3/2 1216/3/2
f 1216/3/2 1210/3/2 1217/3/2
f 1218/3/2 1219/3/2 1222/3/2
f 1222/3/2 1219/3/2 1223/3/2
f 1220/3/2 1221/3/2 1224/3/2
f 1224/3/2 1221/3/2 1225/3/2
f 1225/3/2 1226/3/2 1227/3/2
f 1227/3/2 1226/3/2 1228/3/2
f 1228/4/2 1229/4/2 1230/4/2
f 1230/4/2 1229/4/2 1231/4/2
f 1231/4/2 1232/4/2 1233/4/2
f 1233/4/2 1232/4/2 1234/4/2
f 1235/4/2 1236/4/2 1239/4/2
f 1237/3/2 1238/3/2 1240/3/2
f 1240/3/2 1238/3/2 1241/3/2
f 1235/4/2 1239/4/2 1243/4/2
f 1243/4/2 1239/4/2 1244/4/2
f 1241/3/2 1242/3/2 1245/3/2
f 1245/3/2 1242/3/2 1246/3/2
f 1247/3/2 1248/3/2 1251/3/2
f 1251/3/2 1248/3/2 1252/3/2
f 1249/3/2 1250/3/2 1253/3/2
f 1253/3/2 1250/3/2 1254/3/2
f 1254/3/2 1255/3/2 1258/3/2
f 1258/3/2 1255/3/2 1259/3/2
f 1256/3/2 1257/3/2 1260/3/2
f 1260/3/2 1257/3/2 1261/3/2
f 1262/3/2 1263/3/2 1264/3/2
f 1264/3/2 1263/3/2 1265/3/2
f 1266/3/2 1267/3/2 1268/3/2
f 1268/3/2 1267/3/2 1269/3/2
f 1269/3/2 1270/3/2 1273/3/2
f 1273/3/2 1270/3/2 1274/3/2
f 1271/3/2 1272/3/2 1275/3/2
f 1274/3/2 1275/3/2 1276/3/2
f 1276/3/2 1275/3/2 1277/3/2
f 1275/3/2 1272/3/2 1278/3/2
f 1277/3/2 1275/3/2 1278/3/2
f 1278/3/2 1272/3/2 1279/3/2
f 1277/3/2 1278/3/2 1280/3/2
f 1277/3/2 1280/3/2 1283/3/2
f 1280/3/2 1281/3/2 1283/3/2
f 1282/3/2 1283/3/2 1285/3/2
f 1283/3/2 1281/3/2 1286/3/2
f 1285/3/2 1283/3/2 1286/3/2
f 1286/3/2 1281/3/2 1287/3/2
f 1284/3/2 1285/3/2 1288/3/2
f 1285/3/2 1286/3/2 1288/3/2
f 1288/3/2 1286/3/2 1289/3/2
f 1284/3/2 1288/3/2 1291/3/2
f 1291/3/2 1288/3/2 1292/3/2
f 1292/3/2 1288/3/2 1293/3/2
f 1290/3/2 1291/3/2 1294/3/2
f 1291/3/2 1292/3/2 1294/3/2
f 1290/3/2 1294/3/2 1296/3/2
f 1294/3/2 1295/3/2 1296/3/2
f 1296/3/2 1295/3/2 1297/3/2
f 1297/3/2 1295/3/2 1299/3/2
f 1299/3/2 1295/3/2 1300/3/2
f 1300/3/2 1295/3/2 1301/3/2
f 1298/3/2 1299/3/2 1303/3/2
f 1303/3/2 1299/3/2 1304/3/2
f 1300/3/2 1301/3/2 1305/3/2
f 1301/3/2 1302/3/2 1305/3/2
f 1305/3/2 1302/3/2 1306/3/2
f 1306/3/2 1302/3/2 1307/3/2
f 1304/3/2 1305/3/2 1308/3/2
f 1305/3/2 1306/3/2 1308/3/2
f 1308/3/2 1306/3/2 1309/3/2
f 1304/3/2 1308/3/2 1312/3/2
f 1308/4/2 1309/4/2 1313/4/2
f 1312/3/2 1308/3/2 1313/3/2
f 1310/4/2 1311/4/2 1314/4/2
f 1314/4/2 1311/4/2 1315/4/2
f 1312/4/2 1313/4/2 1316/4/2
f 1313/4/2 1309/4/2 1317/4/2
f 1316/4/2 1313/4/2 1317/4/2
f 1318/3/2 1319/3/2 1326/3/2
f 1326/3/2 1319/3/2 1327/3/2
f 1320/3/2 1321/3/2 1328/3/2
f 1328/3/2 1321/3/2 1329/3/2
f 1329/3/2 1321/3/2 1330/3/2
f 1322/3/2 1323/3/2 1331/3/2
f 1324/3/2 1325/3/2 1332/3/2
f 1332/3/2 1325/3/2 1333/3/2
f 1330/3/2 1331/3/2 1335/3/2
f 1329/3/2 1330/3/2 1335/3/2
f 1335/3/2 1331/3/2 1336/3/2
f 1331/3/2 1323/3/2 1337/3/2
f 1336/3/2 1331/3/2 1337/3/2
f 1337/3/2 1323/3/2 1338/3/2
f 1333/3/2 1334/3/2 1339/3/2
f 1339/3/2 1334/3/2 1340/3/2
f 1336/3/2 1337/3/2 1341/3/2
f 1341/3/2 1337/3/2 1342/3/2
f 1343/3/2 1344/3/2 1346/3/2
f 1346/3/2 1344/3/2 1347/3/2
f 1346/3/2 1347/3/2 1350/3/2
f 1347/3/2 1348/3/2 1350/3/2
f 1345/3/2 1346/3/2 1350/3/2
f 1350/3/2 1348/3/2 1351/3/2
f 1349/3/2 1350/3/2 1352/3/2
f 1352/3/2 1350/3/2 1353/3/2
f 1354/3/2 1355/3/2 1358/3/2
f 1358/3/2 1355/3/2 1359/3/2
f 1356/3/2 1357/3/2 1360/3/2
f 1360/3/2 1357/3/2 1361/3/2
f 1362/3/2 1363/3/2 1367/3/2
f 1367/3/2 1363/3/2 1368/3/2
f 1364/3/2 1365/3/2 1369/3/2
f 1369/3/2 1365/3/2 1370/3/2
f 1366/3/2 1367/3/2 1371/3/2
f 1371/3/2 1367/3/2 1372/3/2
f 1370/3/2 1371/3/2 1373/3/2
f 1373/3/2 1371/3/2 1374/3/2
f 1375/3/2 1376/3/2 1378/3/2
f 1378/3/2 1376/3/2 1379/3/2
f 1378/3/2 1379/3/2 1381/3/2
f 1379/3/2 1380/3/2 1381/3/2
f 1377/3/2 1378/3/2 1381/3/2
f 1381/3/2 1380/3/2 1382/3/2
f 1382/3/2 1380/3/2 1383/3/2
f 1383/3/2 1380/3/2 1384/3/2
f 1384/3/2 1380/3/2 1385/3/2
f 1383/3/2 1384/3/2 1386/3/2
f 1386/3/2 1384/3/2 1387/3/2
f 1388/3/2 1389/3/2 1392/3/2
f 1389/3/2 1390/3/2 1392/3/2
f 1392/3/2 1390/3/2 1393/3/2
f 1393/3/2 1390/3/2 1394/3/2
f 1391/3/2 1392/3/2 1395/3/2
f 1392/3/2 1393/3/2 1395/3/2
f 1395/3/2 1393/3/2 1396/3/2
f 1391/3/2 1395/3/2 1397/3/2
f 1397/3/2 1395/3/2 1398/3/2
f 1399/3/2 1400/3/2 1401/3/2
f 1401/3/2 1400/3/2 1402/3/2
f 1402/3/2 1400/3/2 1403/3/2
f 1403/3/2 1400/3/2 1404/3/2
f 1402/3/2 1403/3/2 1405/3/2
f 1405/3/2 1403/3/2 1406/3/2
f 1407/3/2 1408/3/2 1409/3/2
f 1409/3/2 1408/3/2 1410/3/2
f 1411/3/2 1412/3/2 1415/3/2
f 1415/3/2 1412/3/2 1416/3/2
f 1416/3/2 1412/3/2 1417/3/2
f 1417/3/2 1412/3/2 1418/3/2
f 1413/3/2 1414/3/2 1420/3/2
f 1420/3/2 1414/3/2 1421/3/2
f 1416/3/2 1417/3/2 1422/3/2
f 1422/3/2 1417/3/2 1423/3/2
f 1420/3/2 1421/3/2 1424/3/2
f 1419/3/2 1420/3/2 1424/3/2
f 1424/3/2 1421/3/2 1425/3/2
f 1425/3/2 1421/3/2 1426/3/2
f 1426/3/2 1421/3/2 1427/3/2
f 1427/3/2 1428/3/2 1429/3/2
f 1429/3/2 1428/3/2 1430/3/2
f 1431/3/2 1432/3/2 1434/3/2
f 1434/3/2 1432/3/2 1435/3/2
f 1433/3/2 1434/3/2 1435/3/2
f 1435/3/2 1432/3/2 1436/3/2
f 1436/3/2 1432/3/2 1437/3/2
f 1433/3/2 1435/3/2 1438/3/2
f 1438/3/2 1435/3/2 1439/3/2
f 1437/3/2 1432/3/2 1440/3/2
f 1440/3/2 1432/3/2 1441/3/2
f 1441/3/2 1432/3/2 1444/3/2
f 1444/3/2 1432/3/2 1445/3/2
f 1442/3/2 1443/3/2 1446/3/2
f 1446/3/2 1443/3/2 1447/3/2
f 1448/3/2 1449/3/2 1453/3/2
f 1453/3/2 1449/3/2 1454/3/2
f 1454/3/2 1449/3/2 1455/3/2
f 1450/3/2 1451/3/2 1456/3/2
f 1456/3/2 1451/3/2 1457/3/2
f 1452/3/2 1453/3/2 1458/3/2
f 1453/3/2 1454/3/2 1458/3/2
f 1458/3/2 1454/3/2 1459/3/2
f 1460/3/2 1461/3/2 1463/3/2
f 1463/3/2 1461/3/2 1464/3/2
f 1462/3/2 1463/3/2 1466/3/2
f 1464/3/2 1465/3/2 1466/3/2
f 1463/3/2 1464/3/2 1466/3/2
f 1466/3/2 1465/3/2 1467/3/2
f 1468/3/2 1469/3/2 1470/3/2
f 1468/3/2 1470/3/2 1471/3/2
f 1471/3/2 1470/3/2 1472/3/2
f 1473/3/2 1474/3/2 1475/3/2
f 1475/3/2 1474/3/2 1476/3/2
f 1477/4/2 1478/4/2 1480/4/2
f 1480/4/2 1478/4/2 1481/4/2
f 1479/4/2 1480/4/2 1482/4/2
f 1482/4/2 1480/4/2 1483/4/2
f 1484/3/2 1485/3/2 1486/3/2
f 1486/3/2 1485/3/2 1487/3/2
f 1488/3/2 1489/3/2 1490/3/2
f 1490/3/2 1489/3/2 1491/3/2
f 1491/3/2 1492/3/2 1493/3/2
f 1493/3/2 1492/3/2 1494/3/2
f 1495/4/2 1496/4/2 1497/4/2
f 1495/4/2 1497/4/2 1499/4/2
f 1497/4/2 1498/4/2 1499/4/2
f 1499/4/2 1498/4/2 1500/4/2
f 1500/4/2 1498/4/2 1501/4/2
f 1499/4/2 1500/4/2 1503/4/2
f 1503/4/2 1500/4/2 1504/4/2
f 1502/3/2 1503/3/2 1505/3/2
f 1505/3/2 1503/3/2 1506/3/2
f 1506/3/2 1503/3/2 1507/3/2
f 1508/3/2 1509/3/2 1510/3/2
f 1510/3/2 1509/3/2 1511/3/2
f 1511/3/2 1512/3/2 1513/3/2
f 1513/3/2 1512/3/2 1514/3/2
f 1514/3/2 1515/3/2 1518/3/2
f 1518/3/2 1515/3/2 1519/3/2
f 1516/3/2 1517/3/2 1520/3/2
f 1520/3/2 1517/3/2 1521/3/2
f 1521/3/2 1522/3/2 1524/3/2
f 1524/3/2 1522/3/2 1525/3/2
f 1523/4/2 1524/4/2 1527/4/2
f 1525/4/2 1526/4/2 1527/4/2
f 1524/4/2 1525/4/2 1527/4/2
f 1527/4/2 1526/4/2 1528/4/2
f 1529/3/2 1530/3/2 1533/3/2
f 1533/3/2 1530/3/2 1534/3/2
f 1531/4/2 1532/4/2 1537/4/2
f 1537/4/2 1532/4/2 1538/4/2
f 1534/3/2 1535/3/2 1539/3/2
f 1539/3/2 1535/3/2 1540/3/2
f 1537/3/2 1538/3/2 1541/3/2
f 1536/3/2 1537/3/2 1541/3/2
f 1541/3/2 1538/3/2 1542/3/2
f 1542/3/2 1538/3/2 1543/3/2
f 1541/3/2 1542/3/2 1544/3/2
f 1544/3/2 1542/3/2 1545/3/2
f 1546/3/2 1547/3/2 1548/3/2
f 1546/3/2 1548/3/2 1550/3/2
f 1548/3/2 1549/3/2 1550/3/2
f 1550/3/2 1549/3/2 1551/3/2
f 1551/3/2 1549/3/2 1552/3/2
f 1552/3/2 1553/3/2 1554/3/2
f 1551/3/2 1552/3/2 1554/3/2
f 1554/3/2 1553/3/2 1555/3/2
f 1555/3/2 1553/3/2 1556/3/2
f 1557/3/2 1558/3/2 1560/3/2
f 1558/3/2 1559/3/2 1560/3/2
f 1560/3/2 1559/3/2 1561/3/2
f 1562/3/2 1563/3/2 1566/3/2
f 1566/3/2 1563/3/2 1567/3/2
f 1564/3/2 1565/3/2 1570/3/2
f 1570/3/2 1565/3/2 1571/3/2
f 1567/3/2 1568/3/2 1572/3/2
f 1572/3/2 1568/3/2 1573/3/2
f 1569/3/2 1570/3/2 1574/3/2
f 1574/3/2 1570/3/2 1575/3/2
f 1573/3/2 1574/3/2 1576/3/2
f 1576/3/2 1574/3/2 1577/3/2
f 1578/3/2 1579/3/2 1580/3/2
f 1580/3/2 1579/3/2 1581/3/2
f 1582/3/2 1583/3/2 1584/3/2
f 1584/3/2 1583/3/2 1585/3/2
f 1585/3/2 1583/3/2 1586/3/2
f 1586/3/2 1583/3/2 1587/3/2
f 1585/3/2 1586/3/2 1588/3/2
f 1588/3/2 1586/3/2 1589/3/2
f 1592/3/3 1591/3/3 1590/3/3
f 1593/3/3 1591/3/3 1592/3/3
f 1596/3/3 1595/3/3 1594/3/3
f 1597/3/3 1595/3/3 1596/3/3
f 1601/4/3 1599/4/3 1598/4/3
f 1604/3/3 1603/3/3 1602/3/3
f 1605/3/3 1603/3/3 1604/3/3
f 1607/4/3 1601/4/3 1600/4/3
f 1608/4/3 1599/4/3 1601/4/3
f 1608/4/3 1601/4/3 1607/4/3
f 1610/2/3 1607/2/3 1606/2/3
f 1611/4/3 1609/4/3 1608/4/3
f 1611/2/3 1607/2/3 1610/2/3
f 1611/4/3 1608/4/3 1607/4/3
f 1612/4/3 1609/4/3 1611/4/3
f 1613/4/3 1609/4/3 1612/4/3
f 1616/4/3 1612/4/3 1611/4/3
f 1617/4/3 1612/4/3 1616/4/3
f 1618/3/3 1615/3/3 1614/3/3
f 1619/3/3 1615/3/3 1618/3/3
f 1620/4/3 1612/4/3 1617/4/3
f 1621/4/3 1612/4/3 1620/4/3
f 1624/3/3 1623/3/3 1622/3/3
f 1625/3/3 1623/3/3 1624/3/3
f 1627/3/3 1626/3/3 1625/3/3
f 1628/3/3 1626/3/3 1627/3/3
f 1632/3/3 1630/3/3 1629/3/3
f 1633/3/3 1630/3/3 1632/3/3
f 1634/3/3 1632/3/3 1631/3/3
f 1635/3/3 1632/3/3 1634/3/3
f 1638/3/3 1637/3/3 1636/3/3
f 1639/3/3 1637/3/3 1638/3/3
f 1641/3/3 1640/3/3 1639/3/3
f 1642/3/3 1640/3/3 1641/3/3
f 1646/3/3 1644/3/3 1643/3/3
f 1647/3/3 1644/3/3 1646/3/3
f 1648/3/3 1646/3/3 1645/3/3
f 1649/3/3 1646/3/3 1648/3/3
f 1654/3/3 1653/3/3 1652/3/3
f 1655/3/3 1653/3/3 1654/3/3
f 1656/3/3 1651/3/3 1650/3/3
f 1657/3/3 1651/3/3 1656/3/3
f 1662/3/3 1659/3/3 1658/3/3
f 1663/3/3 1659/3/3 1662/3/3
f 1664/3/3 1661/3/3 1660/3/3
f 1665/3/3 1661/3/3 1664/3/3
f 1668/3/3 1667/3/3 1666/3/3
f 1669/3/3 1667/3/3 1668/3/3
f 1671/3/3 1670/3/3 1669/3/3
f 1672/3/3 1670/3/3 1671/3/3
f 1676/3/3 1674/3/3 1673/3/3
f 1677/3/3 1674/3/3 1676/3/3
f 1678/3/3 1676/3/3 1675/3/3
f 1679/3/3 1676/3/3 1678/3/3
f 1682/3/3 1681/3/3 1680/3/3
f 1683/3/3 1681/3/3 1682/3/3
f 1684/3/3 1681/3/3 1683/3/3
f 1685/3/3 1681/3/3 1684/3/3
f 1689/3/3 1687/3/3 1686/3/3
f 1690/3/3 1689/3/3 1688/3/3
f 1691/3/3 1687/3/3 1689/3/3
f 1691/3/3 1689/3/3 1690/3/3
f 1694/3/3 1693/3/3 1692/3/3
f 1695/3/3 1693/3/3 1694/3/3
f 1697/3/3 1696/3/3 1695/3/3
f 1698/3/3 1696/3/3 1697/3/3
f 1702/3/3 1700/3/3 1699/3/3
f 1703/3/3 1700/3/3 1702/3/3
f 1704/3/3 1702/3/3 1701/3/3
f 1705/3/3 1702/3/3 1704/3/3
f 1708/3/3 1707/3/3 1706/3/3
f 1709/3/3 1707/3/3 1708/3/3
f 1711/3/3 1710/3/3 1709/3/3
f 1712/3/3 1710/3/3 1711/3/3
f 1716/3/3 1714/3/3 1713/3/3
f 1717/3/3 1714/3/3 1716/3/3
f 1718/3/3 1716/3/3 1715/3/3
f 1719/3/3 1716/3/3 1718/3/3
f 1722/3/3 1721/3/3 1720/3/3
f 1723/3/3 1721/3/3 1722/3/3
f 1725/3/3 1724/3/3 1723/3/3
f 1726/3/3 1724/3/3 1725/3/3
f 1729/3/3 1728/3/3 1727/3/3
f 1731/3/3 1729/3/3 1727/3/3
f 1731/3/3 1730/3/3 1729/3/3
f 1732/3/3 1730/3/3 1731/3/3
f 1733/3/3 1731/3/3 1727/3/3
f 1734/3/3 1731/3/3 1733/3/3
f 1738/3/3 1736/3/3 1735/3/3
f 1739/3/3 1736/3/3 1738/3/3
f 1740/3/3 1738/3/3 1737/3/3
f 1741/3/3 1738/3/3 1740/3/3
f 1744/3/3 1743/3/3 1742/3/3
f 1745/3/3 1743/3/3 1744/3/3
f 1749/3/3 1745/3/3 1744/3/3
f 1749/3/3 1746/3/3 1745/3/3
f 1750/3/3 1746/3/3 1749/3/3
f 1751/3/3 1748/3/3 1747/3/3
f 1754/3/3 1746/3/3 1750/3/3
f 1755/3/3 1746/3/3 1754/3/3
f 1756/3/3 1751/3/3 1747/3/3
f 1756/3/3 1752/3/3 1751/3/3
f 1757/3/3 1752/3/3 1756/3/3
f 1758/3/3 1754/3/3 1753/3/3
f 1759/3/3 1754/3/3 1758/3/3
f 1767/3/3 1763/3/3 1762/3/3
f 1768/3/3 1761/3/3 1760/3/3
f 1769/3/3 1761/3/3 1768/3/3
f 1772/3/3 1765/3/3 1764/3/3
f 1773/3/3 1765/3/3 1772/3/3
f 1775/4/3 1767/4/3 1766/4/3
f 1776/4/3 1767/4/3 1775/4/3
f 1777/3/3 1763/3/3 1767/3/3
f 1777/4/3 1767/4/3 1776/4/3
f 1778/3/3 1770/3/3 1769/3/3
f 1780/3/3 1774/3/3 1773/3/3
f 1780/3/3 1772/3/3 1771/3/3
f 1780/3/3 1773/3/3 1772/3/3
f 1783/3/3 1777/3/3 1776/3/3
f 1784/3/3 1763/3/3 1777/3/3
f 1784/3/3 1777/3/3 1783/3/3
f 1785/3/3 1763/3/3 1784/3/3
f 1786/3/3 1779/3/3 1778/3/3
f 1786/3/3 1778/3/3 1769/3/3
f 1787/3/3 1779/3/3 1786/3/3
f 1788/3/3 1779/3/3 1787/3/3
f 1790/3/3 1781/3/3 1780/3/3
f 1790/3/3 1780/3/3 1771/3/3
f 1791/3/3 1781/3/3 1790/3/3
f 1792/3/3 1783/3/3 1782/3/3
f 1792/3/3 1784/3/3 1783/3/3
f 1793/3/3 1784/3/3 1792/3/3
f 1794/3/3 1784/3/3 1793/3/3
f 1797/3/3 1789/3/3 1788/3/3
f 1797/3/3 1788/3/3 1787/3/3
f 1798/3/3 1789/3/3 1797/3/3
f 1799/3/3 1789/3/3 1798/3/3
f 1800/3/3 1790/3/3 1771/3/3
f 1801/3/3 1790/3/3 1800/3/3
f 1802/3/3 1790/3/3 1801/3/3
f 1803/3/3 1790/3/3 1802/3/3
f 1805/3/3 1795/3/3 1794/3/3
f 1805/3/3 1794/3/3 1793/3/3
f 1806/3/3 1795/3/3 1805/3/3
f 1807/3/3 1798/3/3 1797/3/3
f 1807/3/3 1797/3/3 1796/3/3
f 1808/3/3 1798/3/3 1807/3/3
f 1809/3/3 1802/3/3 1801/3/3
f 1810/3/3 1802/3/3 1809/3/3
f 1811/4/3 1806/4/3 1805/4/3
f 1811/4/3 1805/4/3 1804/4/3
f 1812/3/3 1795/3/3 1806/3/3
f 1812/4/3 1806/4/3 1811/4/3
f 1814/3/3 1807/3/3 1796/3/3
f 1815/3/3 1807/3/3 1814/3/3
f 1816/3/3 1795/3/3 1812/3/3
f 1817/3/3 1795/3/3 1816/3/3
f 1818/3/3 1814/3/3 1813/3/3
f 1819/3/3 1814/3/3 1818/3/3
f 1822/3/3 1821/3/3 1820/3/3
f 1823/3/3 1821/3/3 1822/3/3
f 1828/3/3 1824/3/3 1823/3/3
f 1829/3/3 1826/3/3 1825/3/3
f 1830/3/3 1826/3/3 1829/3/3
f 1831/3/3 1828/3/3 1827/3/3
f 1832/3/3 1824/3/3 1828/3/3
f 1832/3/3 1828/3/3 1831/3/3
f 1833/3/3 1824/3/3 1832/3/3
f 1834/3/3 1829/3/3 1825/3/3
f 1835/3/3 1829/3/3 1834/3/3
f 1836/3/3 1832/3/3 1831/3/3
f 1837/3/3 1832/3/3 1836/3/3
f 1840/3/3 1839/3/3 1838/3/3
f 1841/3/3 1839/3/3 1840/3/3
f 1843/3/3 1842/3/3 1841/3/3
f 1844/3/3 1842/3/3 1843/3/3
f 1848/3/3 1845/3/3 1844/3/3
f 1849/3/3 1845/3/3 1848/3/3
f 1852/3/3 1847/3/3 1846/3/3
f 1853/3/3 1847/3/3 1852/3/3
f 1856/3/3 1851/3/3 1850/3/3
f 1857/3/3 1851/3/3 1856/3/3
f 1861/3/3 1855/3/3 1854/3/3
f 1862/3/3 1855/3/3 1861/3/3
f 1863/3/3 1858/3/3 1857/3/3
f 1864/3/3 1858/3/3 1863/3/3
f 1867/3/3 1860/3/3 1859/3/3
f 1868/3/3 1860/3/3 1867/3/3
f 1872/3/3 1861/3/3 1854/3/3
f 1873/3/3 1861/3/3 1872/3/3
f 1876/3/3 1865/3/3 1864/3/3
f 1877/3/3 1865/3/3 1876/3/3
f 1880/3/3 1867/3/3 1866/3/3
f 1880/3/3 1868/3/3 1867/3/3
f 1880/3/3 1869/3/3 1868/3/3
f 1881/3/3 1869/3/3 1880/3/3
f 1882/3/3 1869/3/3 1881/3/3
f 1884/3/3 1871/3/3 1870/3/3
f 1885/3/3 1871/3/3 1884/3/3
f 1886/3/3 1875/3/3 1874/3/3
f 1887/3/3 1875/3/3 1886/3/3
f 1888/3/3 1875/3/3 1887/3/3
f 1891/3/3 1878/3/3 1877/3/3
f 1892/3/3 1878/3/3 1891/3/3
f 1894/3/3 1880/3/3 1879/3/3
f 1895/3/3 1880/3/3 1894/3/3
f 1896/3/3 1883/3/3 1882/3/3
f 1896/3/3 1882/3/3 1881/3/3
f 1897/3/3 1883/3/3 1896/3/3
f 1898/3/3 1883/3/3 1897/3/3
f 1902/3/3 1889/3/3 1888/3/3
f 1902/3/3 1888/3/3 1887/3/3
f 1903/3/3 1889/3/3 1902/3/3
f 1904/3/3 1889/3/3 1903/3/3
f 1907/3/3 1891/3/3 1890/3/3
f 1908/3/3 1891/3/3 1907/3/3
f 1909/3/3 1893/3/3 1892/3/3
f 1910/3/3 1893/3/3 1909/3/3
f 1911/3/3 1899/3/3 1898/3/3
f 1911/3/3 1898/3/3 1897/3/3
f 1912/3/3 1899/3/3 1911/3/3
f 1913/3/3 1901/3/3 1900/3/3
f 1914/3/3 1901/3/3 1913/3/3
f 1916/5/3 1873/5/3 1872/5/3
f 1917/3/3 1905/3/3 1904/3/3
f 1917/3/3 1904/3/3 1903/3/3
f 1918/3/3 1905/3/3 1917/3/3
f 1920/3/3 1908/3/3 1907/3/3
f 1920/3/3 1909/3/3 1908/3/3
f 1920/3/3 1907/3/3 1906/3/3
f 1921/3/3 1909/3/3 1920/3/3
f 1922/3/3 1909/3/3 1921/3/3
f 1923/3/3 1909/3/3 1922/3/3
f 1926/3/3 1899/3/3 1912/3/3
f 1929/5/3 1916/5/3 1915/5/3
f 1930/5/3 1873/5/3 1916/5/3
f 1930/5/3 1916/5/3 1929/5/3
f 1932/3/3 1919/3/3 1918/3/3
f 1933/3/3 1919/3/3 1932/3/3
f 1934/3/3 1922/3/3 1921/3/3
f 1935/3/3 1922/3/3 1934/3/3
f 1936/3/3 1924/3/3 1923/3/3
f 1937/3/3 1924/3/3 1936/3/3
f 1938/3/3 1894/3/3 1879/3/3
f 1941/3/3 1926/3/3 1925/3/3
f 1942/3/3 1899/3/3 1926/3/3
f 1942/3/3 1926/3/3 1941/3/3
f 1943/3/3 1899/3/3 1942/3/3
f 1944/3/3 1928/3/3 1927/3/3
f 1945/3/3 1928/3/3 1944/3/3
f 1947/3/3 1932/3/3 1931/3/3
f 1948/3/3 1932/3/3 1947/3/3
f 1949/3/3 1932/3/3 1948/3/3
f 1951/3/3 1936/3/3 1935/3/3
f 1952/3/3 1936/3/3 1951/3/3
f 1953/3/3 1939/3/3 1938/3/3
f 1953/3/3 1938/3/3 1879/3/3
f 1954/3/3 1939/3/3 1953/3/3
f 1955/3/3 1941/3/3 1940/3/3
f 1955/3/3 1942/3/3 1941/3/3
f 1956/3/3 1942/3/3 1955/3/3
f 1957/3/3 1942/3/3 1956/3/3
f 1961/3/3 1948/3/3 1947/3/3
f 1961/3/3 1947/3/3 1946/3/3
f 1962/3/3 1948/3/3 1961/3/3
f 1963/3/3 1948/3/3 1962/3/3
f 1965/3/3 1951/3/3 1950/3/3
f 1966/3/3 1951/3/3 1965/3/3
f 1967/3/3 1955/3/3 1954/3/3
f 1967/3/3 1956/3/3 1955/3/3
f 1968/3/3 1956/3/3 1967/3/3
f 1969/3/3 1956/3/3 1968/3/3
f 1970/3/3 1956/3/3 1969/3/3
f 1971/3/3 1959/3/3 1958/3/3
f 1972/3/3 1959/3/3 1971/3/3
f 1973/5/3 1873/5/3 1930/5/3
f 1974/5/3 1873/5/3 1973/5/3
f 1975/3/3 1962/3/3 1961/3/3
f 1975/3/3 1961/3/3 1960/3/3
f 1976/3/3 1962/3/3 1975/3/3
f 1978/3/3 1965/3/3 1964/3/3
f 1979/3/3 1965/3/3 1978/3/3
f 1980/3/3 1969/3/3 1968/3/3
f 1981/3/3 1969/3/3 1980/3/3
f 1982/3/3 1974/3/3 1973/3/3
f 1984/3/3 1978/3/3 1977/3/3
f 1985/3/3 1978/3/3 1984/3/3
f 1988/3/3 1983/3/3 1982/3/3
f 1988/3/3 1982/3/3 1973/3/3
f 1989/3/3 1983/3/3 1988/3/3
f 1990/3/3 1987/3/3 1986/3/3
f 1991/3/3 1987/3/3 1990/3/3
f 1995/3/3 1993/3/3 1992/3/3
f 1996/3/3 1993/3/3 1995/3/3
f 1998/3/3 1995/3/3 1994/3/3
f 1999/3/3 1995/3/3 1998/3/3
f 2000/3/3 1998/3/3 1997/3/3
f 2001/3/3 1998/3/3 2000/3/3
f 2004/3/3 2003/3/3 2002/3/3
f 2005/3/3 2003/3/3 2004/3/3
f 2009/3/3 2006/3/3 2005/3/3
f 2010/3/3 2006/3/3 2009/3/3
f 2011/4/3 2008/4/3 2007/4/3
f 2016/4/3 2011/4/3 2007/4/3
f 2017/4/3 2011/4/3 2016/4/3
f 2018/3/3 2013/3/3 2012/3/3
f 2019/3/3 2013/3/3 2018/3/3
f 2020/3/3 2015/3/3 2014/3/3
f 2021/3/3 2015/3/3 2020/3/3
f 2024/3/3 2018/3/3 2017/3/3
f 2025/3/3 2018/3/3 2024/3/3
f 2026/3/3 2018/3/3 2025/3/3
f 2037/3/3 2023/3/3 2022/3/3
f 2038/3/3 2023/3/3 2037/3/3
f 2039/3/3 2027/3/3 2026/3/3
f 2039/3/3 2026/3/3 2025/3/3
f 2040/3/3 2027/3/3 2039/3/3
f 2043/3/3 2035/3/3 2034/3/3
f 2044/3/3 2035/3/3 2043/3/3
f 2046/3/3 2037/3/3 2036/3/3
f 2047/3/3 2037/3/3 2046/3/3
f 2048/3/3 2027/3/3 2040/3/3
f 2049/3/3 2027/3/3 2048/3/3
f 2055/3/3 2042/3/3 2041/3/3
f 2055/3/3 2043/3/3 2042/3/3
f 2056/3/3 2043/3/3 2055/3/3
f 2057/3/3 2045/3/3 2044/3/3
f 2058/3/3 2045/3/3 2057/3/3
f 2060/3/3 2050/3/3 2049/3/3
f 2061/3/3 2050/3/3 2060/3/3
f 2063/3/3 2052/3/3 2051/3/3
f 2064/3/3 2052/3/3 2063/3/3
f 2065/3/3 2029/3/3 2028/3/3
f 2066/3/3 2029/3/3 2065/3/3
f 2067/3/3 2031/3/3 2030/3/3
f 2068/3/3 2031/3/3 2067/3/3
f 2069/3/3 2033/3/3 2032/3/3
f 2070/3/3 2033/3/3 2069/3/3
f 2071/3/3 2054/3/3 2053/3/3
f 2072/3/3 2054/3/3 2071/3/3
f 2073/3/3 2057/3/3 2056/3/3
f 2074/3/3 2057/3/3 2073/3/3
f 2075/3/3 2059/3/3 2058/3/3
f 2076/4/3 2062/4/3 2061/4/3
f 2087/3/3 2075/3/3 2074/3/3
f 2088/3/3 2059/3/3 2075/3/3
f 2088/3/3 2075/3/3 2087/3/3
f 2089/4/3 2077/4/3 2076/4/3
f 2089/4/3 2076/4/3 2061/4/3
f 2090/4/3 2077/4/3 2089/4/3
f 2091/3/3 2085/3/3 2084/3/3
f 2092/3/3 2085/3/3 2091/3/3
f 2094/3/3 2087/3/3 2086/3/3
f 2095/3/3 2087/3/3 2094/3/3
f 2096/3/3 2059/3/3 2088/3/3
f 2097/3/3 2059/3/3 2096/3/3
f 2099/4/3 2089/4/3 2061/4/3
f 2100/4/3 2089/4/3 2099/4/3
f 2103/3/3 2094/3/3 2093/3/3
f 2104/3/3 2094/3/3 2103/3/3
f 2105/3/3 2094/3/3 2104/3/3
f 2106/3/3 2096/3/3 2095/3/3
f 2107/3/3 2096/3/3 2106/3/3
f 2111/3/3 2099/3/3 2098/3/3
f 2112/3/3 2099/3/3 2111/3/3
f 2113/3/3 2102/3/3 2101/3/3
f 2114/3/3 2102/3/3 2113/3/3
f 2115/3/3 2079/3/3 2078/3/3
f 2116/3/3 2079/3/3 2115/3/3
f 2117/3/3 2081/3/3 2080/3/3
f 2118/3/3 2081/3/3 2117/3/3
f 2119/3/3 2083/3/3 2082/3/3
f 2120/3/3 2083/3/3 2119/3/3
f 2121/3/3 2106/3/3 2105/3/3
f 2122/3/3 2106/3/3 2121/3/3
f 2123/3/3 2109/3/3 2108/3/3
f 2124/3/3 2109/3/3 2123/3/3
f 2127/3/3 2111/3/3 2110/3/3
f 2130/3/3 2125/3/3 2124/3/3
f 2131/3/3 2125/3/3 2130/3/3
f 2133/3/3 2127/3/3 2126/3/3
f 2134/3/3 2111/3/3 2127/3/3
f 2134/3/3 2127/3/3 2133/3/3
f 2135/3/3 2111/3/3 2134/3/3
f 2136/3/3 2129/3/3 2128/3/3
f 2137/3/3 2129/3/3 2136/3/3
f 2139/3/3 2134/3/3 2133/3/3
f 2139/3/3 2133/3/3 2132/3/3
f 2140/3/3 2134/3/3 2139/3/3
f 2142/4/3 2139/4/3 2138/4/3
f 2143/3/3 2141/3/3 2140/3/3
f 2144/3/3 2141/3/3 2143/3/3
f 2145/4/3 2142/4/3 2138/4/3
f 2146/4/3 2142/4/3 2145/4/3
f 2150/3/3 2148/3/3 2147/3/3
f 2151/3/3 2148/3/3 2150/3/3
f 2152/3/3 2150/3/3 2149/3/3
f 2153/3/3 2150/3/3 2152/3/3
f 2158/4/3 2157/4/3 2156/4/3
f 2159/4/3 2157/4/3 2158/4/3
f 2160/3/3 2155/3/3 2154/3/3
f 2161/3/3 2155/3/3 2160/3/3
f 2168/4/3 2160/4/3 2159/4/3
f 2169/4/3 2160/4/3 2168/4/3
f 2170/3/3 2163/3/3 2162/3/3
f 2171/3/3 2163/3/3 2170/3/3
f 2176/3/3 2165/3/3 2164/3/3
f 2177/3/3 2165/3/3 2176/3/3
f 2180/3/3 2167/3/3 2166/3/3
f 2181/3/3 2167/3/3 2180/3/3
f 2189/3/3 2174/3/3 2173/3/3
f 2190/3/3 2178/3/3 2177/3/3
f 2191/4/3 2179/4/3 2178/4/3
f 2191/3/3 2178/3/3 2190/3/3
f 2191/4/3 2180/4/3 2179/4/3
f 2192/4/3 2180/4/3 2191/4/3
f 2193/4/3 2180/4/3 2192/4/3
f 2194/3/3 2183/3/3 2182/3/3
f 2195/3/3 2183/3/3 2194/3/3
f 2196/3/3 2185/3/3 2184/3/3
f 2197/3/3 2185/3/3 2196/3/3
f 2198/3/3 2187/3/3 2186/3/3
f 2199/3/3 2187/3/3 2198/3/3
f 2201/3/3 2189/3/3 2188/3/3
f 2202/3/3 2174/3/3 2189/3/3
f 2202/3/3 2189/3/3 2201/3/3
f 2203/3/3 2190/3/3 2177/3/3
f 2204/4/3 2191/4/3 2190/4/3
f 2204/3/3 2190/3/3 2203/3/3
f 2204/4/3 2192/4/3 2191/4/3
f 2205/4/3 2192/4/3 2204/4/3
f 2206/3/3 2196/3/3 2195/3/3
f 2207/3/3 2196/3/3 2206/3/3
f 2208/4/3 2200/4/3 2199/4/3
f 2209/4/3 2200/4/3 2208/4/3
f 2211/3/3 2172/3/3 2171/3/3
f 2212/3/3 2172/3/3 2211/3/3
f 2213/3/3 2174/3/3 2202/3/3
f 2214/3/3 2174/3/3 2213/3/3
f 2215/3/3 2176/3/3 2175/3/3
f 2216/3/3 2176/3/3 2215/3/3
f 2217/4/3 2204/4/3 2203/4/3
f 2218/4/3 2204/4/3 2217/4/3
f 2219/4/3 2210/4/3 2209/4/3
f 2220/4/3 2210/4/3 2219/4/3
f 2232/3/3 2224/3/3 2223/3/3
f 2233/4/3 2228/4/3 2227/4/3
f 2234/4/3 2228/4/3 2233/4/3
f 2239/4/3 2230/4/3 2229/4/3
f 2240/4/3 2230/4/3 2239/4/3
f 2241/3/3 2232/3/3 2231/3/3
f 2242/3/3 2224/3/3 2232/3/3
f 2242/3/3 2232/3/3 2241/3/3
f 2243/3/3 2234/3/3 2233/3/3
f 2243/4/3 2235/4/3 2234/4/3
f 2244/4/3 2235/4/3 2243/4/3
f 2245/4/3 2235/4/3 2244/4/3
f 2248/3/3 2237/3/3 2236/3/3
f 2249/3/3 2237/3/3 2248/3/3
f 2252/4/3 2239/4/3 2238/4/3
f 2253/4/3 2239/4/3 2252/4/3
f 2255/3/3 2222/3/3 2221/3/3
f 2256/3/3 2222/3/3 2255/3/3
f 2257/3/3 2224/3/3 2242/3/3
f 2258/3/3 2224/3/3 2257/3/3
f 2259/3/3 2226/3/3 2225/3/3
f 2260/3/3 2226/3/3 2259/3/3
f 2261/3/3 2243/3/3 2233/3/3
f 2261/3/3 2244/3/3 2243/3/3
f 2262/4/3 2246/4/3 2245/4/3
f 2262/4/3 2245/4/3 2244/4/3
f 2262/3/3 2244/3/3 2261/3/3
f 2263/4/3 2246/4/3 2262/4/3
f 2264/4/3 2246/4/3 2263/4/3
f 2266/3/3 2248/3/3 2247/3/3
f 2267/3/3 2248/3/3 2266/3/3
f 2268/3/3 2250/3/3 2249/3/3
f 2269/3/3 2250/3/3 2268/3/3
f 2270/3/3 2252/3/3 2251/3/3
f 2271/3/3 2252/3/3 2270/3/3
f 2272/3/3 2255/3/3 2254/3/3
f 2273/3/3 2255/3/3 2272/3/3
f 2274/3/3 2261/3/3 2260/3/3
f 2275/3/3 2261/3/3 2274/3/3
f 2276/3/3 2265/3/3 2264/3/3
f 2277/3/3 2265/3/3 2276/3/3
f 2281/4/3 2279/4/3 2278/4/3
f 2282/4/3 2279/4/3 2281/4/3
f 2284/4/3 2281/4/3 2280/4/3
f 2285/4/3 2281/4/3 2284/4/3
f 2286/3/3 2283/3/3 2282/3/3
f 2287/3/3 2283/3/3 2286/3/3
f 2291/3/3 2289/3/3 2288/3/3
f 2292/3/3 2289/3/3 2291/3/3
f 2295/4/3 2291/4/3 2290/4/3
f 2296/4/3 2291/4/3 2295/4/3
f 2299/3/3 2294/3/3 2293/3/3
f 2300/3/3 2294/3/3 2299/3/3
f 2304/3/3 2296/3/3 2295/3/3
f 2305/3/3 2296/3/3 2304/3/3
f 2307/3/3 2298/3/3 2297/3/3
f 2308/3/3 2298/3/3 2307/3/3
f 2309/3/3 2303/3/3 2302/3/3
f 2310/3/3 2303/3/3 2309/3/3
f 2311/3/3 2306/3/3 2305/3/3
f 2312/3/3 2306/3/3 2311/3/3
f 2314/3/3 2309/3/3 2302/3/3
f 2316/4/3 2313/4/3 2312/4/3
f 2317/4/3 2313/4/3 2316/4/3
f 2318/3/3 2301/3/3 2300/3/3
f 2319/3/3 2301/3/3 2318/3/3
f 2320/3/3 2315/3/3 2314/3/3
f 2320/3/3 2314/3/3 2302/3/3
f 2321/3/3 2315/3/3 2320/3/3
f 2324/1/3 2323/1/3 2322/1/3
f 2325/1/3 2323/1/3 2324/1/3
f 2330/3/3 2329/3/3 2328/3/3
f 2331/3/3 2329/3/3 2330/3/3
f 2334/3/3 2330/3/3 2328/3/3
f 2337/4/3 2333/4/3 2332/4/3
f 2338/4/3 2333/4/3 2337/4/3
f 2340/3/3 2327/3/3 2326/3/3
f 2341/3/3 2327/3/3 2340/3/3
f 2342/3/3 2335/3/3 2334/3/3
f 2342/3/3 2334/3/3 2328/3/3
f 2343/3/3 2335/3/3 2342/3/3
f 2345/3/3 2337/3/3 2336/3/3
f 2346/3/3 2337/3/3 2345/3/3
f 2349/3/3 2340/3/3 2339/3/3
f 2350/3/3 2340/3/3 2349/3/3
f 2351/3/3 2345/3/3 2344/3/3
f 2352/3/3 2345/3/3 2351/3/3
f 2353/3/3 2348/3/3 2347/3/3
f 2354/3/3 2348/3/3 2353/3/3
f 2355/4/3 2352/4/3 2351/4/3
f 2356/4/3 2352/4/3 2355/4/3
f 2358/3/3 2357/3/3 2356/3/3
f 2359/3/3 2357/3/3 2358/3/3
f 2362/3/3 2361/3/3 2360/3/3
f 2363/3/3 2361/3/3 2362/3/3
f 2364/3/3 2361/3/3 2363/3/3
f 2365/3/3 2361/3/3 2364/3/3
f 2369/3/3 2367/3/3 2366/3/3
f 2370/3/3 2369/3/3 2368/3/3
f 2371/3/3 2367/3/3 2369/3/3
f 2371/3/3 2369/3/3 2370/3/3
f 2374/3/3 2373/3/3 2372/3/3
f 2375/3/3 2373/3/3 2374/3/3
f 2378/1/3 2377/1/3 2376/1/3
f 2379/1/3 2377/1/3 2378/1/3
f 2382/3/3 2381/3/3 2380/3/3
f 2383/3/3 2381/3/3 2382/3/3
f 2386/3/3 2385/3/3 2384/3/3
f 2387/3/3 2385/3/3 2386/3/3
f 2388/3/3 2385/3/3 2387/3/3
f 2389/3/3 2385/3/3 2388/3/3
f 2392/1/3 2391/1/3 2390/1/3
f 2393/1/3 2391/1/3 2392/1/3
f 2395/3/3 2385/3/3 2389/3/3
f 2397/3/3 2395/3/3 2394/3/3
f 2398/3/3 2397/3/3 2396/3/3
f 2399/3/3 2385/3/3 2395/3/3
f 2399/3/3 2397/3/3 2398/3/3
f 2399/3/3 2395/3/3 2397/3/3
f 2402/3/3 2401/3/3 2400/3/3
f 2403/3/3 2401/3/3 2402/3/3
f 2407/1/3 2406/1/3 2405/1/3
f 2408/1/3 2406/1/3 2407/1/3
f 2410/3/3 2404/3/3 2403/3/3
f 2411/3/3 2404/3/3 2410/3/3
f 2412/3/3 2410/3/3 2409/3/3
f 2413/3/3 2410/3/3 2412/3/3
f 2419/1/3 2418/1/3 2417/1/3
f 2420/1/3 2418/1/3 2419/1/3
f 2421/3/3 2415/3/3 2414/3/3
f 2421/3/3 2416/3/3 2415/3/3
f 2422/3/3 2416/3/3 2421/3/3
f 2423/3/3 2416/3/3 2422/3/3
f 2426/1/3 2425/1/3 2424/1/3
f 2427/1/3 2425/1/3 2426/1/3
f 2430/1/3 2429/1/3 2428/1/3
f 2431/1/3 2429/1/3 2430/1/3
f 2432/4/4 2433/4/4 2435/4/4
f 2434/4/4 2435/4/4 2437/4/4
f 2435/4/4 2433/4/4 2438/4/4
f 2437/4/4 2435/4/4 2438/4/4
f 2436/2/4 2437/2/4 2440/2/4
f 2438/4/4 2439/4/4 2441/4/4
f 2440/2/4 2437/2/4 2441/2/4
f 2437/4/4 2438/4/4 2441/4/4
f 2441/4/4 2439/4/4 2442/4/4
f 2442/4/4 2439/4/4 2443/4/4
f 2441/4/4 2442/4/4 2444/4/4
f 2444/4/4 2442/4/4 2445/4/4
f 2445/4/4 2442/4/4 2446/4/4
f 2446/4/4 2442/4/4 2447/4/4
f 2448/3/4 2449/3/4 2451/3/4
f 2451/3/4 2449/3/4 2452/3/4
f 2450/3/4 2451/3/4 2453/3/4
f 2453/3/4 2451/3/4 2454/3/4
f 2455/3/4 2456/3/4 2457/3/4
f 2457/3/4 2456/3/4 2458/3/4
f 2458/3/4 2459/3/4 2460/3/4
f 2460/3/4 2459/3/4 2461/3/4
f 2462/3/4 2463/3/4 2464/3/4
f 2464/3/4 2463/3/4 2465/3/4
f 2466/3/4 2467/3/4 2468/3/4
f 2468/3/4 2467/3/4 2469/3/4
f 2470/3/4 2471/3/4 2473/3/4
f 2473/3/4 2471/3/4 2474/3/4
f 2472/3/4 2473/3/4 2476/3/4
f 2474/3/4 2475/3/4 2476/3/4
f 2473/3/4 2474/3/4 2476/3/4
f 2476/3/4 2475/3/4 2477/3/4
f 2477/3/4 2475/3/4 2478/3/4
f 2478/3/4 2475/3/4 2479/3/4
f 2477/3/4 2478/3/4 2480/3/4
f 2480/3/4 2478/3/4 2481/3/4
f 2482/3/4 2483/3/4 2485/3/4
f 2485/3/4 2483/3/4 2486/3/4
f 2485/3/4 2486/3/4 2488/3/4
f 2486/3/4 2487/3/4 2488/3/4
f 2484/3/4 2485/3/4 2488/3/4
f 2488/3/4 2487/3/4 2489/3/4
f 2489/3/4 2487/3/4 2490/3/4
f 2490/3/4 2487/3/4 2491/3/4
f 2489/3/4 2490/3/4 2492/3/4
f 2492/3/4 2490/3/4 2493/3/4
f 2494/3/4 2495/3/4 2496/3/4
f 2496/3/4 2495/3/4 2497/3/4
f 2498/3/4 2499/3/4 2500/3/4
f 2500/3/4 2499/3/4 2501/3/4
f 2502/3/4 2503/3/4 2504/3/4
f 2504/3/4 2503/3/4 2505/3/4
f 2506/3/4 2507/3/4 2508/3/4
f 2508/3/4 2507/3/4 2509/3/4
f 2510/3/4 2511/3/4 2512/3/4
f 2512/3/4 2511/3/4 2513/3/4
f 2514/3/4 2515/3/4 2516/3/4
f 2516/3/4 2515/3/4 2517/3/4
f 2518/3/4 2519/3/4 2520/3/4
f 2520/3/4 2519/3/4 2521/3/4
f 2522/4/4 2523/4/4 2524/4/4
f 2524/4/4 2523/4/4 2525/4/4
f 2526/4/4 2527/4/4 2528/4/4
f 2528/4/4 2527/4/4 2529/4/4
f 2530/3/4 2531/3/4 2532/3/4
f 2532/3/4 2531/3/4 2533/3/4
f 2534/3/4 2535/3/4 2537/3/4
f 2537/3/4 2535/3/4 2538/3/4
f 2536/3/4 2537/3/4 2539/3/4
f 2537/3/4 2538/3/4 2539/3/4
f 2539/3/4 2538/3/4 2540/3/4
f 2536/3/4 2539/3/4 2541/3/4
f 2541/3/4 2539/3/4 2542/3/4
f 2543/3/4 2544/3/4 2545/3/4
f 2543/3/4 2545/3/4 2547/3/4
f 2545/3/4 2546/3/4 2547/3/4
f 2547/3/4 2546/3/4 2548/3/4
f 2548/3/4 2546/3/4 2549/3/4
f 2548/3/4 2549/3/4 2550/3/4
f 2550/3/4 2549/3/4 2551/3/4
f 2552/3/4 2553/3/4 2556/3/4
f 2556/3/4 2553/3/4 2557/3/4
f 2554/3/4 2555/3/4 2560/3/4
f 2560/3/4 2555/3/4 2561/3/4
f 2557/3/4 2558/3/4 2562/3/4
f 2562/3/4 2558/3/4 2563/3/4
f 2559/3/4 2560/3/4 2564/3/4
f 2564/3/4 2560/3/4 2565/3/4
f 2566/3/4 2567/3/4 2568/3/4
f 2568/3/4 2567/3/4 2569/3/4
f 2566/3/4 2568/3/4 2570/3/4
f 2570/3/4 2568/3/4 2571/3/4
f 2572/3/4 2573/3/4 2576/3/4
f 2572/3/4 2576/3/4 2577/3/4
f 2574/3/4 2575/3/4 2579/3/4
f 2579/3/4 2575/3/4 2580/3/4
f 2577/3/4 2578/3/4 2581/3/4
f 2572/3/4 2577/3/4 2581/3/4
f 2581/3/4 2578/3/4 2582/3/4
f 2572/3/4 2581/3/4 2583/3/4
f 2583/3/4 2581/3/4 2584/3/4
f 2585/3/4 2586/3/4 2587/3/4
f 2585/3/4 2587/3/4 2591/3/4
f 2587/3/4 2588/3/4 2591/3/4
f 2591/3/4 2588/3/4 2592/3/4
f 2589/3/4 2590/3/4 2593/3/4
f 2593/3/4 2590/3/4 2594/3/4
f 2594/3/4 2595/3/4 2598/3/4
f 2598/3/4 2595/3/4 2599/3/4
f 2596/3/4 2597/3/4 2601/3/4
f 2601/3/4 2597/3/4 2602/3/4
f 2600/3/4 2601/3/4 2603/3/4
f 2603/3/4 2601/3/4 2604/3/4
f 2605/3/4 2606/3/4 2607/3/4
f 2607/3/4 2606/3/4 2608/3/4
f 2608/3/4 2609/3/4 2612/3/4
f 2612/3/4 2609/3/4 2613/3/4
f 2614/3/4 2615/3/4 2616/3/4
f 2616/3/4 2615/3/4 2617/3/4
f 2610/3/4 2611/3/4 2618/3/4
f 2618/3/4 2611/3/4 2619/3/4
f 2620/3/4 2621/3/4 2622/3/4
f 2622/3/4 2621/3/4 2623/3/4
f 2624/1/4 2625/1/4 2626/1/4
f 2626/1/4 2625/1/4 2627/1/4
f 2628/3/4 2629/3/4 2630/3/4
f 2630/3/4 2629/3/4 2631/3/4
f 2632/3/4 2633/3/4 2636/3/4
f 2636/3/4 2633/3/4 2637/3/4
f 2634/3/4 2635/3/4 2640/3/4
f 2640/3/4 2635/3/4 2641/3/4
f 2638/3/4 2639/3/4 2643/3/4
f 2643/3/4 2639/3/4 2644/3/4
f 2642/3/4 2643/3/4 2645/3/4
f 2645/3/4 2643/3/4 2646/3/4
f 2647/3/4 2648/3/4 2650/3/4
f 2650/3/4 2648/3/4 2651/3/4
f 2649/4/4 2650/4/4 2654/4/4
f 2650/4/4 2651/4/4 2654/4/4
f 2651/4/4 2652/4/4 2654/4/4
f 2652/3/4 2653/3/4 2655/3/4
f 2654/4/4 2652/4/4 2655/4/4
f 2655/3/4 2653/3/4 2656/3/4
f 2649/4/4 2654/4/4 2658/4/4
f 2658/4/4 2654/4/4 2659/4/4
f 2656/3/4 2657/3/4 2660/3/4
f 2660/3/4 2657/3/4 2661/3/4
f 2661/3/4 2657/3/4 2662/3/4
f 2663/3/4 2664/3/4 2667/3/4
f 2667/3/4 2664/3/4 2668/3/4
f 2669/4/4 2670/4/4 2671/4/4
f 2671/4/4 2670/4/4 2672/4/4
f 2665/3/4 2666/3/4 2674/3/4
f 2674/3/4 2666/3/4 2675/3/4
f 2672/4/4 2673/4/4 2676/4/4
f 2676/4/4 2673/4/4 2677/4/4
f 2680/4/4 2681/4/4 2683/4/4
f 2683/4/4 2681/4/4 2684/4/4
f 2682/4/4 2683/4/4 2685/4/4
f 2685/4/4 2683/4/4 2686/4/4
f 2678/3/4 2679/3/4 2687/3/4
f 2687/3/4 2679/3/4 2688/3/4
f 2689/3/4 2690/3/4 2691/3/4
f 2691/3/4 2690/3/4 2692/3/4
f 2693/4/4 2694/4/4 2698/4/4
f 2696/3/4 2697/3/4 2700/3/4
f 2695/3/4 2696/3/4 2700/3/4
f 2700/3/4 2697/3/4 2701/3/4
f 2698/4/4 2699/4/4 2702/4/4
f 2693/4/4 2698/4/4 2702/4/4
f 2702/4/4 2699/4/4 2703/4/4
f 2703/4/4 2699/4/4 2704/4/4
f 2699/3/4 2700/3/4 2705/3/4
f 2704/4/4 2699/4/4 2705/4/4
f 2705/3/4 2700/3/4 2706/3/4
f 2703/3/4 2704/3/4 2707/3/4
f 2707/3/4 2704/3/4 2708/3/4
f 2711/4/4 2712/4/4 2715/4/4
f 2715/4/4 2712/4/4 2716/4/4
f 2713/3/4 2714/3/4 2720/3/4
f 2720/3/4 2714/3/4 2721/3/4
f 2709/4/4 2710/4/4 2724/4/4
f 2724/4/4 2710/4/4 2725/4/4
f 2716/4/4 2717/4/4 2726/4/4
f 2726/4/4 2717/4/4 2727/4/4
f 2718/3/4 2719/3/4 2728/3/4
f 2728/3/4 2719/3/4 2729/3/4
f 2722/3/4 2723/3/4 2739/3/4
f 2739/3/4 2723/3/4 2740/3/4
f 2726/3/4 2727/3/4 2743/3/4
f 2743/3/4 2727/3/4 2744/3/4
f 2730/3/4 2731/3/4 2746/3/4
f 2746/3/4 2731/3/4 2747/3/4
f 2734/3/4 2735/3/4 2748/3/4
f 2748/3/4 2735/3/4 2749/3/4
f 2736/3/4 2737/3/4 2750/3/4
f 2737/4/4 2738/4/4 2751/4/4
f 2750/3/4 2737/3/4 2751/3/4
f 2738/4/4 2739/4/4 2751/4/4
f 2751/4/4 2739/4/4 2752/4/4
f 2752/4/4 2739/4/4 2753/4/4
f 2741/3/4 2742/3/4 2754/3/4
f 2744/3/4 2745/3/4 2755/3/4
f 2755/3/4 2745/3/4 2756/3/4
f 2734/3/4 2748/3/4 2759/3/4
f 2741/3/4 2754/3/4 2762/3/4
f 2762/3/4 2754/3/4 2763/3/4
f 2755/4/4 2756/4/4 2764/4/4
f 2764/4/4 2756/4/4 2765/4/4
f 2757/3/4 2758/3/4 2767/3/4
f 2767/3/4 2758/3/4 2768/3/4
f 2732/3/4 2733/3/4 2769/3/4
f 2769/3/4 2733/3/4 2770/3/4
f 2759/3/4 2760/3/4 2771/3/4
f 2734/3/4 2759/3/4 2771/3/4
f 2771/3/4 2760/3/4 2772/3/4
f 2750/4/4 2751/4/4 2773/4/4
f 2751/4/4 2752/4/4 2773/4/4
f 2773/4/4 2752/4/4 2774/4/4
f 2761/3/4 2762/3/4 2775/3/4
f 2775/3/4 2762/3/4 2776/3/4
f 2765/4/4 2766/4/4 2778/4/4
f 2780/1/4 2781/1/4 2782/1/4
f 2782/1/4 2781/1/4 2783/1/4
f 2774/4/4 2752/4/4 2789/4/4
f 2776/3/4 2777/3/4 2791/3/4
f 2791/3/4 2777/3/4 2792/3/4
f 2765/4/4 2778/4/4 2793/4/4
f 2778/4/4 2779/4/4 2793/4/4
f 2793/4/4 2779/4/4 2794/4/4
f 2786/3/4 2787/3/4 2795/3/4
f 2795/3/4 2787/3/4 2796/3/4
f 2790/3/4 2791/3/4 2797/3/4
f 2797/3/4 2791/3/4 2798/3/4
f 2765/4/4 2793/4/4 2801/4/4
f 2801/4/4 2793/4/4 2802/4/4
f 2786/3/4 2795/3/4 2807/3/4
f 2788/4/4 2789/4/4 2809/4/4
f 2809/4/4 2789/4/4 2810/4/4
f 2752/3/4 2753/3/4 2811/3/4
f 2810/4/4 2789/4/4 2811/4/4
f 2789/4/4 2752/4/4 2811/4/4
f 2811/3/4 2753/3/4 2812/3/4
f 2798/3/4 2799/3/4 2813/3/4
f 2800/4/4 2801/4/4 2814/4/4
f 2814/4/4 2801/4/4 2815/4/4
f 2803/3/4 2804/3/4 2816/3/4
f 2816/3/4 2804/3/4 2817/3/4
f 2805/3/4 2806/3/4 2820/3/4
f 2820/3/4 2806/3/4 2821/3/4
f 2784/3/4 2785/3/4 2822/3/4
f 2822/3/4 2785/3/4 2823/3/4
f 2807/3/4 2808/3/4 2824/3/4
f 2786/3/4 2807/3/4 2824/3/4
f 2824/3/4 2808/3/4 2825/3/4
f 2809/3/4 2810/3/4 2826/3/4
f 2811/4/4 2812/4/4 2827/4/4
f 2826/3/4 2810/3/4 2827/3/4
f 2810/4/4 2811/4/4 2827/4/4
f 2827/4/4 2812/4/4 2828/4/4
f 2828/4/4 2812/4/4 2829/4/4
f 2798/3/4 2813/3/4 2831/3/4
f 2831/3/4 2813/3/4 2832/3/4
f 2814/3/4 2815/3/4 2834/3/4
f 2834/3/4 2815/3/4 2835/3/4
f 2818/3/4 2819/3/4 2836/3/4
f 2836/3/4 2819/3/4 2837/3/4
f 2829/3/4 2830/3/4 2840/3/4
f 2840/3/4 2830/3/4 2841/3/4
f 2833/3/4 2834/3/4 2844/3/4
f 2844/3/4 2834/3/4 2845/3/4
f 2838/3/4 2839/3/4 2846/3/4
f 2846/3/4 2839/3/4 2847/3/4
f 2844/4/4 2845/4/4 2849/4/4
f 2849/4/4 2845/4/4 2850/4/4
f 2842/4/4 2843/4/4 2851/4/4
f 2851/4/4 2843/4/4 2852/4/4
f 2848/4/4 2849/4/4 2853/4/4
f 2853/4/4 2849/4/4 2854/4/4
f 2855/4/4 2856/4/4 2859/4/4
f 2857/3/4 2858/3/4 2863/3/4
f 2863/3/4 2858/3/4 2864/3/4
f 2855/4/4 2859/4/4 2866/4/4
f 2859/4/4 2860/4/4 2866/4/4
f 2866/4/4 2860/4/4 2867/4/4
f 2867/4/4 2860/4/4 2868/4/4
f 2861/3/4 2862/3/4 2871/3/4
f 2864/3/4 2865/3/4 2877/3/4
f 2877/3/4 2865/3/4 2878/3/4
f 2867/3/4 2868/3/4 2882/3/4
f 2882/3/4 2868/3/4 2883/3/4
f 2869/3/4 2870/3/4 2887/3/4
f 2887/3/4 2870/3/4 2888/3/4
f 2871/3/4 2872/3/4 2891/3/4
f 2873/3/4 2874/3/4 2892/3/4
f 2875/3/4 2876/3/4 2894/3/4
f 2878/3/4 2879/3/4 2895/3/4
f 2880/3/4 2881/3/4 2897/3/4
f 2897/3/4 2881/3/4 2898/3/4
f 2885/3/4 2886/3/4 2900/3/4
f 2900/3/4 2886/3/4 2901/3/4
f 2893/3/4 2894/3/4 2902/3/4
f 2894/3/4 2876/3/4 2903/3/4
f 2902/3/4 2894/3/4 2903/3/4
f 2895/3/4 2879/3/4 2904/3/4
f 2904/3/4 2879/3/4 2905/3/4
f 2905/3/4 2879/3/4 2906/3/4
f 2896/3/4 2897/3/4 2907/3/4
f 2883/3/4 2884/3/4 2908/3/4
f 2908/3/4 2884/3/4 2909/3/4
f 2899/3/4 2900/3/4 2911/3/4
f 2911/3/4 2900/3/4 2912/3/4
f 2889/3/4 2890/3/4 2913/3/4
f 2913/3/4 2890/3/4 2914/3/4
f 2891/3/4 2892/3/4 2916/3/4
f 2861/3/4 2871/3/4 2916/3/4
f 2871/3/4 2891/3/4 2916/3/4
f 2892/3/4 2874/3/4 2917/3/4
f 2916/3/4 2892/3/4 2917/3/4
f 2903/3/4 2876/3/4 2918/3/4
f 2918/3/4 2876/3/4 2919/3/4
f 2906/3/4 2907/3/4 2921/3/4
f 2907/3/4 2897/3/4 2922/3/4
f 2921/3/4 2907/3/4 2922/3/4
f 2914/3/4 2915/3/4 2923/3/4
f 2914/3/4 2923/3/4 2926/3/4
f 2924/1/4 2925/1/4 2927/1/4
f 2927/1/4 2925/1/4 2928/1/4
f 2920/3/4 2921/3/4 2933/3/4
f 2933/3/4 2921/3/4 2934/3/4
f 2922/3/4 2897/3/4 2935/3/4
f 2931/3/4 2932/3/4 2937/3/4
f 2934/3/4 2935/3/4 2940/3/4
f 2935/3/4 2897/3/4 2941/3/4
f 2940/3/4 2935/3/4 2941/3/4
f 2909/4/4 2910/4/4 2943/4/4
f 2943/4/4 2910/4/4 2944/4/4
f 2914/3/4 2926/3/4 2948/3/4
f 2948/3/4 2926/3/4 2949/3/4
f 2929/3/4 2930/3/4 2950/3/4
f 2950/3/4 2930/3/4 2951/3/4
f 2936/3/4 2937/3/4 2952/3/4
f 2937/3/4 2932/3/4 2953/3/4
f 2952/3/4 2937/3/4 2953/3/4
f 2938/3/4 2939/3/4 2954/3/4
f 2939/3/4 2940/3/4 2954/3/4
f 2941/3/4 2897/3/4 2955/3/4
f 2955/3/4 2897/3/4 2956/3/4
f 2945/3/4 2946/3/4 2958/3/4
f 2958/3/4 2946/3/4 2959/3/4
f 2929/3/4 2950/3/4 2961/3/4
f 2961/3/4 2950/3/4 2962/3/4
f 2951/3/4 2930/3/4 2963/3/4
f 2963/3/4 2930/3/4 2964/3/4
f 2953/3/4 2932/3/4 2965/3/4
f 2965/3/4 2932/3/4 2966/3/4
f 2954/3/4 2940/3/4 2968/3/4
f 2968/3/4 2940/3/4 2969/3/4
f 2956/3/4 2957/3/4 2970/3/4
f 2970/3/4 2957/3/4 2971/3/4
f 2942/3/4 2943/3/4 2973/3/4
f 2973/3/4 2943/3/4 2974/3/4
f 2959/3/4 2960/3/4 2975/3/4
f 2975/3/4 2960/3/4 2976/3/4
f 2947/3/4 2948/3/4 2979/3/4
f 2979/3/4 2948/3/4 2980/3/4
f 2929/3/4 2961/3/4 2981/3/4
f 2981/3/4 2961/3/4 2982/3/4
f 2967/3/4 2968/3/4 2984/3/4
f 2984/3/4 2968/3/4 2985/3/4
f 2972/3/4 2973/3/4 2987/3/4
f 2987/3/4 2973/3/4 2988/3/4
f 2977/3/4 2978/3/4 2989/3/4
f 2989/3/4 2978/3/4 2990/3/4
f 2983/3/4 2984/3/4 2991/3/4
f 2991/3/4 2984/3/4 2992/3/4
f 2987/4/4 2988/4/4 2993/4/4
f 2986/4/4 2987/4/4 2993/4/4
f 2993/4/4 2988/4/4 2994/4/4
f 2986/4/4 2993/4/4 2995/4/4
f 2995/4/4 2993/4/4 2996/4/4
f 2997/3/4 2998/3/4 3002/3/4
f 3002/3/4 2998/3/4 3003/3/4
f 3003/3/4 2998/3/4 3004/3/4
f 3004/3/4 2998/3/4 3005/3/4
f 2999/3/4 3000/3/4 3008/3/4
f 3008/3/4 3000/3/4 3009/3/4
f 3001/3/4 3002/3/4 3015/3/4
f 3002/3/4 3003/3/4 3015/3/4
f 3015/3/4 3003/3/4 3016/3/4
f 3016/3/4 3003/3/4 3017/3/4
f 3005/3/4 3006/3/4 3018/3/4
f 3004/3/4 3005/3/4 3018/3/4
f 3018/3/4 3006/3/4 3019/3/4
f 3008/3/4 3009/3/4 3021/3/4
f 3007/3/4 3008/3/4 3021/3/4
f 3021/3/4 3009/3/4 3022/3/4
f 3022/3/4 3009/3/4 3023/3/4
f 3010/3/4 3011/3/4 3024/3/4
f 3024/3/4 3011/3/4 3025/3/4
f 3012/3/4 3013/3/4 3026/3/4
f 3026/3/4 3013/3/4 3027/3/4
f 3027/3/4 3013/3/4 3028/3/4
f 3019/3/4 3006/3/4 3030/3/4
f 3021/3/4 3022/3/4 3033/3/4
f 3020/3/4 3021/3/4 3033/3/4
f 3033/3/4 3022/3/4 3034/3/4
f 3034/3/4 3022/3/4 3035/3/4
f 3028/3/4 3029/3/4 3038/3/4
f 3027/3/4 3028/3/4 3038/3/4
f 3038/3/4 3029/3/4 3039/3/4
f 3015/3/4 3016/3/4 3040/3/4
f 3014/3/4 3015/3/4 3040/3/4
f 3040/3/4 3016/3/4 3041/3/4
f 3030/3/4 3031/3/4 3042/3/4
f 3019/3/4 3030/3/4 3042/3/4
f 3042/3/4 3031/3/4 3043/3/4
f 3033/3/4 3034/3/4 3044/3/4
f 3032/3/4 3033/3/4 3044/3/4
f 3044/3/4 3034/3/4 3045/3/4
f 3036/3/4 3037/3/4 3046/3/4
f 3036/3/4 3046/3/4 3049/3/4
f 3047/1/4 3048/1/4 3050/1/4
f 3050/1/4 3048/1/4 3051/1/4
f 3039/3/4 3029/3/4 3053/3/4
f 3014/3/4 3040/3/4 3054/3/4
f 3043/3/4 3031/3/4 3057/3/4
f 3052/3/4 3053/3/4 3061/3/4
f 3053/3/4 3029/3/4 3062/3/4
f 3061/3/4 3053/3/4 3062/3/4
f 3062/3/4 3029/3/4 3063/3/4
f 3057/3/4 3031/3/4 3064/3/4
f 3056/3/4 3057/3/4 3064/3/4
f 3064/3/4 3031/3/4 3065/3/4
f 3058/3/4 3059/3/4 3066/3/4
f 3066/3/4 3059/3/4 3067/3/4
f 3067/3/4 3059/3/4 3068/3/4
f 3036/3/4 3049/3/4 3070/3/4
f 3070/3/4 3049/3/4 3071/3/4
f 3060/3/4 3061/3/4 3072/3/4
f 3061/3/4 3062/3/4 3072/3/4
f 3072/3/4 3062/3/4 3073/3/4
f 3054/3/4 3055/3/4 3074/3/4
f 3014/3/4 3054/3/4 3074/3/4
f 3074/3/4 3055/3/4 3075/3/4
f 3075/3/4 3055/3/4 3076/3/4
f 3056/3/4 3064/3/4 3079/3/4
f 3068/3/4 3069/3/4 3080/3/4
f 3067/3/4 3068/3/4 3080/3/4
f 3080/3/4 3069/3/4 3081/3/4
f 3081/3/4 3069/3/4 3082/3/4
f 3076/3/4 3077/3/4 3086/3/4
f 3075/3/4 3076/3/4 3086/3/4
f 3086/3/4 3077/3/4 3087/3/4
f 3087/3/4 3077/3/4 3088/3/4
f 3078/3/4 3079/3/4 3089/3/4
f 3079/3/4 3064/3/4 3090/3/4
f 3089/3/4 3079/3/4 3090/3/4
f 3090/3/4 3064/3/4 3091/3/4
f 3082/3/4 3083/3/4 3092/3/4
f 3081/3/4 3082/3/4 3092/3/4
f 3092/3/4 3083/3/4 3093/3/4
f 3093/3/4 3083/3/4 3094/3/4
f 3084/3/4 3085/3/4 3095/3/4
f 3095/3/4 3085/3/4 3096/3/4
f 3087/3/4 3088/3/4 3097/3/4
f 3088/3/4 3089/3/4 3097/3/4
f 3089/3/4 3090/3/4 3097/3/4
f 3097/3/4 3090/3/4 3098/3/4
f 3093/3/4 3094/3/4 3099/3/4
f 3099/3/4 3094/3/4 3100/3/4
f 3101/3/4 3102/3/4 3106/3/4
f 3106/3/4 3102/3/4 3107/3/4
f 3103/3/4 3104/3/4 3110/3/4
f 3110/3/4 3104/3/4 3111/3/4
f 3109/3/4 3110/3/4 3116/3/4
f 3110/3/4 3111/3/4 3116/3/4
f 3111/3/4 3112/3/4 3116/3/4
f 3113/3/4 3114/3/4 3117/3/4
f 3117/3/4 3114/3/4 3118/3/4
f 3118/3/4 3114/3/4 3119/3/4
f 3107/3/4 3108/3/4 3122/3/4
f 3105/3/4 3106/3/4 3122/3/4
f 3106/3/4 3107/3/4 3122/3/4
f 3122/3/4 3108/3/4 3123/3/4
f 3115/3/4 3116/3/4 3125/3/4
f 3116/3/4 3112/3/4 3126/3/4
f 3125/3/4 3116/3/4 3126/3/4
f 3127/1/4 3128/1/4 3131/1/4
f 3131/1/4 3128/1/4 3132/1/4
f 3119/3/4 3120/3/4 3134/3/4
f 3118/3/4 3119/3/4 3134/3/4
f 3134/3/4 3120/3/4 3135/3/4
f 3135/3/4 3120/3/4 3136/3/4
f 3123/3/4 3124/3/4 3137/3/4
f 3121/3/4 3122/3/4 3137/3/4
f 3122/3/4 3123/3/4 3137/3/4
f 3137/3/4 3124/3/4 3138/3/4
f 3138/3/4 3124/3/4 3139/3/4
f 3139/3/4 3124/3/4 3140/3/4
f 3129/3/4 3130/3/4 3141/3/4
f 3141/3/4 3130/3/4 3142/3/4
f 3134/3/4 3135/3/4 3143/3/4
f 3133/3/4 3134/3/4 3143/3/4
f 3143/3/4 3135/3/4 3144/3/4
f 3142/3/4 3130/3/4 3145/3/4
f 3145/3/4 3130/3/4 3146/3/4
f 3138/3/4 3139/3/4 3147/3/4
f 3147/3/4 3139/3/4 3148/3/4
f 3148/3/4 3139/3/4 3149/3/4
f 3149/3/4 3139/3/4 3150/3/4
f 3146/3/4 3130/3/4 3151/3/4
f 3151/3/4 3130/3/4 3152/3/4
f 3152/3/4 3130/3/4 3153/3/4
f 3153/3/4 3130/3/4 3154/3/4
f 3148/3/4 3149/3/4 3155/3/4
f 3155/3/4 3149/3/4 3156/3/4
f 3152/3/4 3153/3/4 3157/3/4
f 3157/3/4 3153/3/4 3158/3/4
f 3161/1/4 3162/1/4 3163/1/4
f 3163/1/4 3162/1/4 3164/1/4
f 3159/3/4 3160/3/4 3165/3/4
f 3165/3/4 3160/3/4 3166/3/4
f 3167/1/4 3168/1/4 3169/1/4
f 3169/1/4 3168/1/4 3170/1/4
f 3171/1/4 3172/1/4 3173/1/4
f 3173/1/4 3172/1/4 3174/1/4
f 3177/2/5 3176/2/5 3175/2/5
f 3178/2/5 3176/2/5 3177/2/5
f 3184/3/5 3180/3/5 3179/3/5
f 3185/3/5 3182/3/5 3181/3/5
f 3187/3/5 3184/3/5 3183/3/5
f 3188/3/5 3180/3/5 3184/3/5
f 3188/3/5 3184/3/5 3187/3/5
f 3189/3/5 3186/3/5 3185/3/5
f 3189/3/5 3185/3/5 3181/3/5
f 3190/3/5 3186/3/5 3189/3/5
f 3197/3/5 3192/3/5 3191/3/5
f 3198/3/5 3192/3/5 3197/3/5
f 3199/3/5 3194/3/5 3193/3/5
f 3200/3/5 3194/3/5 3199/3/5
f 3203/3/5 3196/3/5 3195/3/5
f 3204/3/5 3196/3/5 3203/3/5
f 3205/3/5 3202/3/5 3201/3/5
f 3206/3/5 3202/3/5 3205/3/5
f 3211/3/5 3208/3/5 3207/3/5
f 3212/3/5 3208/3/5 3211/3/5
f 3213/3/5 3210/3/5 3209/3/5
f 3214/3/5 3210/3/5 3213/3/5
f 3219/3/5 3216/3/5 3215/3/5
f 3220/3/5 3216/3/5 3219/3/5
f 3221/3/5 3218/3/5 3217/3/5
f 3222/3/5 3218/3/5 3221/3/5
f 3231/3/5 3224/3/5 3223/3/5
f 3232/3/5 3224/3/5 3231/3/5
f 3233/3/5 3226/3/5 3225/3/5
f 3234/3/5 3226/3/5 3233/3/5
f 3235/3/5 3228/3/5 3227/3/5
f 3236/3/5 3228/3/5 3235/3/5
f 3237/3/5 3230/3/5 3229/3/5
f 3238/3/5 3230/3/5 3237/3/5
f 3243/3/5 3240/3/5 3239/3/5
f 3244/3/5 3240/3/5 3243/3/5
f 3245/3/5 3242/3/5 3241/3/5
f 3246/3/5 3242/3/5 3245/3/5
f 3251/3/5 3248/3/5 3247/3/5
f 3252/3/5 3248/3/5 3251/3/5
f 3253/3/5 3250/3/5 3249/3/5
f 3254/3/5 3250/3/5 3253/3/5
f 3259/3/5 3256/3/5 3255/3/5
f 3260/3/5 3256/3/5 3259/3/5
f 3261/3/5 3258/3/5 3257/3/5
f 3262/3/5 3258/3/5 3261/3/5
f 3268/3/5 3264/3/5 3263/3/5
f 3269/3/5 3264/3/5 3268/3/5
f 3270/3/5 3266/3/5 3265/3/5
f 3271/3/5 3266/3/5 3270/3/5
f 3273/3/5 3268/3/5 3267/3/5
f 3274/3/5 3268/3/5 3273/3/5
f 3275/3/5 3272/3/5 3271/3/5
f 3276/3/5 3272/3/5 3275/3/5
f 3285/3/5 3278/3/5 3277/3/5
f 3286/3/5 3278/3/5 3285/3/5
f 3287/3/5 3280/3/5 3279/3/5
f 3288/3/5 3280/3/5 3287/3/5
f 3289/3/5 3282/3/5 3281/3/5
f 3290/3/5 3282/3/5 3289/3/5
f 3291/3/5 3284/3/5 3283/3/5
f 3292/3/5 3284/3/5 3291/3/5
f 3295/3/5 3294/3/5 3293/3/5
f 3296/3/5 3294/3/5 3295/3/5
f 3297/3/5 3296/3/5 3295/3/5
f 3298/3/5 3296/3/5 3297/3/5
f 3301/3/5 3300/3/5 3299/3/5
f 3302/3/5 3300/3/5 3301/3/5
f 3307/4/5 3304/4/5 3303/4/5
f 3308/4/5 3304/4/5 3307/4/5
f 3309/4/5 3306/4/5 3305/4/5
f 3310/4/5 3306/4/5 3309/4/5
f 3315/3/5 3312/3/5 3311/3/5
f 3316/3/5 3312/3/5 3315/3/5
f 3317/3/5 3314/3/5 3313/3/5
f 3318/3/5 3314/3/5 3317/3/5
f 3323/3/5 3320/3/5 3319/3/5
f 3324/3/5 3320/3/5 3323/3/5
f 3327/3/5 3322/3/5 3321/3/5
f 3328/3/5 3322/3/5 3327/3/5
f 3329/3/5 3325/3/5 3324/3/5
f 3330/3/5 3325/3/5 3329/3/5
f 3331/3/5 3327/3/5 3326/3/5
f 3332/3/5 3327/3/5 3331/3/5
f 3337/4/5 3334/4/5 3333/4/5
f 3338/4/5 3334/4/5 3337/4/5
f 3339/4/5 3336/4/5 3335/4/5
f 3340/4/5 3336/4/5 3339/4/5
f 3345/3/5 3342/3/5 3341/3/5
f 3346/3/5 3342/3/5 3345/3/5
f 3347/3/5 3344/3/5 3343/3/5
f 3348/3/5 3344/3/5 3347/3/5
f 3353/3/5 3350/3/5 3349/3/5
f 3354/3/5 3350/3/5 3353/3/5
f 3355/3/5 3352/3/5 3351/3/5
f 3356/3/5 3352/3/5 3355/3/5
f 3357/3/5 3355/3/5 3354/3/5
f 3358/3/5 3355/3/5 3357/3/5
f 3367/3/5 3360/3/5 3359/3/5
f 3368/3/5 3360/3/5 3367/3/5
f 3369/3/5 3362/3/5 3361/3/5
f 3370/3/5 3362/3/5 3369/3/5
f 3371/3/5 3364/3/5 3363/3/5
f 3372/3/5 3364/3/5 3371/3/5
f 3373/3/5 3366/3/5 3365/3/5
f 3374/3/5 3366/3/5 3373/3/5
f 3379/4/5 3376/4/5 3375/4/5
f 3380/4/5 3376/4/5 3379/4/5
f 3383/3/5 3378/3/5 3377/3/5
f 3384/3/5 3378/3/5 3383/3/5
f 3385/3/5 3382/3/5 3381/3/5
f 3386/3/5 3382/3/5 3385/3/5
f 3395/3/5 3388/3/5 3387/3/5
f 3396/3/5 3392/3/5 3391/3/5
f 3397/3/5 3392/3/5 3396/3/5
f 3398/3/5 3394/3/5 3393/3/5
f 3399/3/5 3394/3/5 3398/3/5
f 3400/3/5 3390/3/5 3389/3/5
f 3401/3/5 3395/3/5 3387/3/5
f 3402/3/5 3390/3/5 3400/3/5
f 3403/3/5 3401/3/5 3387/3/5
f 3404/3/5 3401/3/5 3403/3/5
f 3407/3/5 3390/3/5 3402/3/5
f 3408/3/5 3390/3/5 3407/3/5
f 3409/3/5 3406/3/5 3405/3/5
f 3410/3/5 3406/3/5 3409/3/5
f 3415/3/5 3412/3/5 3411/3/5
f 3416/3/5 3412/3/5 3415/3/5
f 3417/3/5 3414/3/5 3413/3/5
f 3418/3/5 3414/3/5 3417/3/5
f 3419/3/5 3412/3/5 3416/3/5
f 3420/3/5 3412/3/5 3419/3/5
f 3421/3/5 3417/3/5 3413/3/5
f 3422/3/5 3417/3/5 3421/3/5
f 3427/3/5 3424/3/5 3423/3/5
f 3428/3/5 3426/3/5 3425/3/5
f 3429/3/5 3427/3/5 3423/3/5
f 3430/3/5 3427/3/5 3429/3/5
f 3431/3/5 3426/3/5 3428/3/5
f 3432/3/5 3426/3/5 3431/3/5
f 3437/3/5 3434/3/5 3433/3/5
f 3437/3/5 3436/3/5 3435/3/5
f 3437/3/5 3435/3/5 3434/3/5
f 3438/3/5 3436/3/5 3437/3/5
f 3439/3/5 3436/3/5 3438/3/5
f 3440/3/5 3436/3/5 3439/3/5
f 3446/3/5 3442/3/5 3441/3/5
f 3447/3/5 3442/3/5 3446/3/5
f 3448/3/5 3444/3/5 3443/3/5
f 3449/3/5 3444/3/5 3448/3/5
f 3452/3/5 3447/3/5 3446/3/5
f 3452/3/5 3446/3/5 3445/3/5
f 3453/3/5 3447/3/5 3452/3/5
f 3454/3/5 3450/3/5 3449/3/5
f 3454/3/5 3449/3/5 3448/3/5
f 3455/3/5 3450/3/5 3454/3/5
f 3458/3/5 3453/3/5 3452/3/5
f 3458/3/5 3452/3/5 3451/3/5
f 3459/3/5 3453/3/5 3458/3/5
f 3460/3/5 3453/3/5 3459/3/5
f 3461/3/5 3456/3/5 3455/3/5
f 3461/3/5 3455/3/5 3454/3/5
f 3462/3/5 3456/3/5 3461/3/5
f 3463/3/5 3456/3/5 3462/3/5
f 3465/3/5 3459/3/5 3458/3/5
f 3465/3/5 3458/3/5 3457/3/5
f 3466/3/5 3459/3/5 3465/3/5
f 3467/3/5 3464/3/5 3463/3/5
f 3467/3/5 3463/3/5 3462/3/5
f 3468/3/5 3464/3/5 3467/3/5
f 3475/3/5 3470/3/5 3469/3/5
f 3475/3/5 3471/3/5 3470/3/5
f 3476/3/5 3471/3/5 3475/3/5
f 3477/3/5 3459/3/5 3466/3/5
f 3478/3/5 3459/3/5 3477/3/5
f 3479/3/5 3467/3/5 3462/3/5
f 3480/3/5 3467/3/5 3479/3/5
f 3481/3/5 3473/3/5 3472/3/5
f 3481/3/5 3474/3/5 3473/3/5
f 3482/3/5 3474/3/5 3481/3/5
f 3487/3/5 3484/3/5 3483/3/5
f 3488/3/5 3484/3/5 3487/3/5
f 3489/3/5 3486/3/5 3485/3/5
f 3490/3/5 3486/3/5 3489/3/5
f 3498/3/5 3492/3/5 3491/3/5
f 3498/3/5 3493/3/5 3492/3/5
f 3499/3/5 3493/3/5 3498/3/5
f 3500/3/5 3493/3/5 3499/3/5
f 3501/3/5 3496/3/5 3495/3/5
f 3501/3/5 3495/3/5 3494/3/5
f 3502/3/5 3496/3/5 3501/3/5
f 3503/3/5 3496/3/5 3502/3/5
f 3506/3/5 3499/3/5 3498/3/5
f 3506/3/5 3498/3/5 3497/3/5
f 3507/3/5 3499/3/5 3506/3/5
f 3508/3/5 3499/3/5 3507/3/5
f 3509/3/5 3504/3/5 3503/3/5
f 3509/3/5 3503/3/5 3502/3/5
f 3510/3/5 3504/3/5 3509/3/5
f 3511/3/5 3504/3/5 3510/3/5
f 3513/3/5 3507/3/5 3506/3/5
f 3513/3/5 3506/3/5 3505/3/5
f 3514/3/5 3507/3/5 3513/3/5
f 3515/3/5 3512/3/5 3511/3/5
f 3515/3/5 3511/3/5 3510/3/5
f 3516/3/5 3512/3/5 3515/3/5
f 3521/3/5 3518/3/5 3517/3/5
f 3522/3/5 3518/3/5 3521/3/5
f 3523/3/5 3520/3/5 3519/3/5
f 3524/3/5 3520/3/5 3523/3/5
f 3529/3/5 3526/3/5 3525/3/5
f 3530/3/5 3526/3/5 3529/3/5
f 3531/3/5 3528/3/5 3527/3/5
f 3532/3/5 3528/3/5 3531/3/5
f 3537/3/5 3534/3/5 3533/3/5
f 3538/3/5 3534/3/5 3537/3/5
f 3539/3/5 3536/3/5 3535/3/5
f 3540/3/5 3536/3/5 3539/3/5
f 3547/3/5 3542/3/5 3541/3/5
f 3548/3/5 3542/3/5 3547/3/5
f 3549/3/5 3544/3/5 3543/3/5
f 3550/3/5 3544/3/5 3549/3/5
f 3551/3/5 3546/3/5 3545/3/5
f 3552/3/5 3546/3/5 3551/3/5
f 3559/3/5 3554/3/5 3553/3/5
f 3560/3/5 3554/3/5 3559/3/5
f 3561/3/5 3556/3/5 3555/3/5
f 3562/3/5 3556/3/5 3561/3/5
f 3563/3/5 3558/3/5 3557/3/5
f 3564/3/5 3558/3/5 3563/3/5
f 3566/3/5 3561/3/5 3555/3/5
f 3567/3/5 3561/3/5 3566/3/5
f 3568/3/5 3556/3/5 3562/3/5
f 3569/3/5 3556/3/5 3568/3/5
f 3571/3/5 3566/3/5 3565/3/5
f 3572/3/5 3566/3/5 3571/3/5
f 3573/3/5 3570/3/5 3569/3/5
f 3574/3/5 3570/3/5 3573/3/5
f 3575/3/5 3573/3/5 3572/3/5
f 3576/3/5 3573/3/5 3575/3/5
f 3583/3/5 3580/3/5 3579/3/5
f 3584/3/5 3580/3/5 3583/3/5
f 3585/3/5 3578/3/5 3577/3/5
f 3586/3/5 3578/3/5 3585/3/5
f 3595/3/5 3582/3/5 3581/3/5
f 3596/3/5 3582/3/5 3595/3/5
f 3597/3/5 3588/3/5 3587/3/5
f 3598/3/5 3588/3/5 3597/3/5
f 3599/3/5 3590/3/5 3589/3/5
f 3600/3/5 3590/3/5 3599/3/5
f 3601/3/5 3592/3/5 3591/3/5
f 3602/3/5 3592/3/5 3601/3/5
f 3603/3/5 3594/3/5 3593/3/5
f 3604/3/5 3594/3/5 3603/3/5
f 3609/3/5 3606/3/5 3605/3/5
f 3610/3/5 3606/3/5 3609/3/5
f 3613/3/5 3608/3/5 3607/3/5
f 3614/3/5 3608/3/5 3613/3/5
f 3615/3/5 3612/3/5 3611/3/5
f 3616/3/5 3612/3/5 3615/3/5
f 3622/3/5 3618/3/5 3617/3/5
f 3623/3/5 3618/3/5 3622/3/5
f 3624/3/5 3620/3/5 3619/3/5
f 3625/3/5 3620/3/5 3624/3/5
f 3630/3/5 3622/3/5 3621/3/5
f 3631/3/5 3622/3/5 3630/3/5
f 3632/3/5 3626/3/5 3625/3/5
f 3633/3/5 3626/3/5 3632/3/5
f 3637/3/5 3628/3/5 3627/3/5
f 3638/3/5 3628/3/5 3637/3/5
f 3641/3/5 3636/3/5 3635/3/5
f 3642/3/5 3636/3/5 3641/3/5
f 3643/3/5 3639/3/5 3638/3/5
f 3644/3/5 3639/3/5 3643/3/5
f 3645/3/5 3641/3/5 3640/3/5
f 3646/3/5 3641/3/5 3645/3/5
f 3647/3/5 3630/3/5 3629/3/5
f 3648/3/5 3630/3/5 3647/3/5
f 3653/3/5 3634/3/5 3633/3/5
f 3654/3/5 3634/3/5 3653/3/5
f 3655/3/5 3650/3/5 3649/3/5
f 3656/3/5 3650/3/5 3655/3/5
f 3657/3/5 3652/3/5 3651/3/5
f 3658/3/5 3652/3/5 3657/3/5
f 3661/1/5 3660/1/5 3659/1/5
f 3662/1/5 3660/1/5 3661/1/5
f 3667/3/5 3664/3/5 3663/3/5
f 3668/3/5 3664/3/5 3667/3/5
f 3669/3/5 3666/3/5 3665/3/5
f 3670/3/5 3666/3/5 3669/3/5
f 3675/4/5 3672/4/5 3671/4/5
f 3676/4/5 3672/4/5 3675/4/5
f 3677/4/5 3674/4/5 3673/4/5
f 3678/4/5 3674/4/5 3677/4/5
f 3683/3/5 3680/3/5 3679/3/5
f 3684/3/5 3680/3/5 3683/3/5
f 3685/3/5 3682/3/5 3681/3/5
f 3686/3/5 3682/3/5 3685/3/5
f 3692/3/5 3688/3/5 3687/3/5
f 3693/3/5 3690/3/5 3689/3/5
f 3695/3/5 3692/3/5 3691/3/5
f 3695/3/5 3688/3/5 3692/3/5
f 3696/3/5 3688/3/5 3695/3/5
f 3701/3/5 3694/3/5 3693/3/5
f 3701/3/5 3693/3/5 3689/3/5
f 3702/3/5 3694/3/5 3701/3/5
f 3703/3/5 3698/3/5 3697/3/5
f 3704/3/5 3698/3/5 3703/3/5
f 3705/3/5 3700/3/5 3699/3/5
f 3706/3/5 3700/3/5 3705/3/5
f 3707/3/5 3695/3/5 3691/3/5
f 3708/3/5 3695/3/5 3707/3/5
f 3709/3/5 3694/3/5 3702/3/5
f 3710/3/5 3694/3/5 3709/3/5
f 3711/3/5 3695/3/5 3708/3/5
f 3712/3/5 3695/3/5 3711/3/5
f 3714/4/5 3704/4/5 3703/4/5
f 3715/4/5 3706/4/5 3705/4/5
f 3717/3/5 3709/3/5 3702/3/5
f 3718/3/5 3709/3/5 3717/3/5
f 3719/4/5 3714/4/5 3713/4/5
f 3720/4/5 3704/4/5 3714/4/5
f 3720/4/5 3714/4/5 3719/4/5
f 3721/4/5 3716/4/5 3715/4/5
f 3721/4/5 3715/4/5 3705/4/5
f 3722/4/5 3716/4/5 3721/4/5
f 3727/4/5 3724/4/5 3723/4/5
f 3728/4/5 3724/4/5 3727/4/5
f 3729/4/5 3726/4/5 3725/4/5
f 3730/4/5 3726/4/5 3729/4/5
f 3735/3/5 3732/3/5 3731/3/5
f 3736/3/5 3732/3/5 3735/3/5
f 3737/3/5 3734/3/5 3733/3/5
f 3738/3/5 3734/3/5 3737/3/5
f 3741/1/5 3740/1/5 3739/1/5
f 3742/1/5 3740/1/5 3741/1/5
f 3749/4/5 3744/4/5 3743/4/5
f 3750/4/5 3744/4/5 3749/4/5
f 3751/3/5 3746/3/5 3745/3/5
f 3752/3/5 3746/3/5 3751/3/5
f 3753/4/5 3748/4/5 3747/4/5
f 3754/4/5 3748/4/5 3753/4/5
f 3756/3/5 3752/3/5 3751/3/5
f 3756/3/5 3753/3/5 3752/3/5
f 3756/3/5 3751/3/5 3750/3/5
f 3757/3/5 3753/3/5 3756/3/5
f 3758/3/5 3753/3/5 3757/3/5
f 3759/3/5 3753/3/5 3758/3/5
f 3761/3/5 3756/3/5 3755/3/5
f 3761/3/5 3757/3/5 3756/3/5
f 3762/3/5 3757/3/5 3761/3/5
f 3763/3/5 3760/3/5 3759/3/5
f 3763/3/5 3759/3/5 3758/3/5
f 3764/3/5 3760/3/5 3763/3/5
f 3765/3/5 3761/3/5 3755/3/5
f 3768/3/5 3760/3/5 3764/3/5
f 3769/3/5 3766/3/5 3765/3/5
f 3770/3/5 3768/3/5 3767/3/5
f 3771/3/5 3769/3/5 3765/3/5
f 3771/3/5 3770/3/5 3769/3/5
f 3771/3/5 3765/3/5 3755/3/5
f 3772/3/5 3770/3/5 3771/3/5
f 3773/3/5 3768/3/5 3770/3/5
f 3773/3/5 3770/3/5 3772/3/5
f 3773/3/5 3760/3/5 3768/3/5
f 3774/3/5 3760/3/5 3773/3/5
f 3775/3/5 3773/3/5 3772/3/5
f 3776/3/5 3773/3/5 3775/3/5
f 3777/3/5 3773/3/5 3776/3/5
f 3778/3/5 3773/3/5 3777/3/5
f 3779/3/5 3777/3/5 3776/3/5
f 3780/3/5 3777/3/5 3779/3/5
f 3781/3/5 3777/3/5 3780/3/5
f 3782/1/5 3780/1/5 3779/1/5
f 3783/1/5 3780/1/5 3782/1/5
f 3790/3/5 3785/3/5 3784/3/5
f 3791/3/5 3785/3/5 3790/3/5
f 3792/3/5 3787/3/5 3786/3/5
f 3793/3/5 3787/3/5 3792/3/5
f 3796/3/5 3789/3/5 3788/3/5
f 3796/3/5 3790/3/5 3789/3/5
f 3797/3/5 3790/3/5 3796/3/5
f 3798/3/5 3795/3/5 3794/3/5
f 3798/3/5 3794/3/5 3793/3/5
f 3799/3/5 3795/3/5 3798/3/5
f 3800/3/5 3796/3/5 3788/3/5
f 3801/3/5 3796/3/5 3800/3/5
f 3804/3/5 3795/3/5 3799/3/5
f 3805/3/5 3795/3/5 3804/3/5
f 3806/3/5 3802/3/5 3801/3/5
f 3807/3/5 3802/3/5 3806/3/5
f 3808/3/5 3804/3/5 3803/3/5
f 3809/3/5 3804/3/5 3808/3/5
f 3814/3/5 3811/3/5 3810/3/5
f 3815/3/5 3811/3/5 3814/3/5
f 3816/3/5 3813/3/5 3812/3/5
f 3817/3/5 3813/3/5 3816/3/5
f 3822/3/5 3819/3/5 3818/3/5
f 3823/3/5 3819/3/5 3822/3/5
f 3828/3/5 3821/3/5 3820/3/5
f 3829/3/5 3821/3/5 3828/3/5
f 3830/3/5 3825/3/5 3824/3/5
f 3831/3/5 3825/3/5 3830/3/5
f 3832/3/5 3827/3/5 3826/3/5
f 3833/3/5 3827/3/5 3832/3/5
f 3838/3/5 3835/3/5 3834/3/5
f 3839/3/5 3835/3/5 3838/3/5
f 3840/3/5 3837/3/5 3836/3/5
f 3841/3/5 3837/3/5 3840/3/5
f 3846/3/5 3843/3/5 3842/3/5
f 3847/3/5 3843/3/5 3846/3/5
f 3852/3/5 3845/3/5 3844/3/5
f 3853/3/5 3845/3/5 3852/3/5
f 3854/3/5 3849/3/5 3848/3/5
f 3855/3/5 3849/3/5 3854/3/5
f 3856/3/5 3851/3/5 3850/3/5
f 3857/3/5 3851/3/5 3856/3/5
f 3861/3/5 3859/3/5 3858/3/5
f 3862/3/5 3859/3/5 3861/3/5
f 3864/3/5 3861/3/5 3860/3/5
f 3864/3/5 3863/3/5 3862/3/5
f 3864/3/5 3862/3/5 3861/3/5
f 3865/3/5 3863/3/5 3864/3/5
f 3866/3/5 3863/3/5 3865/3/5
f 3867/3/5 3863/3/5 3866/3/5
f 3872/3/5 3869/3/5 3868/3/5
f 3873/3/5 3869/3/5 3872/3/5
f 3874/3/5 3871/3/5 3870/3/5
f 3875/3/5 3871/3/5 3874/3/5
f 3880/3/5 3877/3/5 3876/3/5
f 3881/3/5 3877/3/5 3880/3/5
f 3882/3/5 3879/3/5 3878/3/5
f 3883/3/5 3879/3/5 3882/3/5
f 3886/1/5 3885/1/5 3884/1/5
f 3887/1/5 3885/1/5 3886/1/5
f 3890/1/5 3889/1/5 3888/1/5
f 3891/1/5 3889/1/5 3890/1/5
f 3894/1/5 3893/1/5 3892/1/5
f 3895/1/5 3893/1/5 3894/1/5
f 3898/1/5 3897/1/5 3896/1/5
f 3899/1/5 3897/1/5 3898/1/5
f 3902/1/5 3901/1/5 3900/1/5
f 3903/1/5 3901/1/5 3902/1/5
f 3904/3/6 3905/3/6 3909/3/6
f 3909/3/6 3905/3/6 3910/3/6
f 3906/3/6 3907/3/6 3911/3/6
f 3911/3/6 3907/3/6 3912/3/6
f 3908/3/6 3909/3/6 3914/3/6
f 3914/3/6 3909/3/6 3915/3/6
f 3912/3/6 3913/3/6 3916/3/6
f 3916/3/6 3913/3/6 3917/3/6
f 3918/3/6 3919/3/6 3922/3/6
f 3922/3/6 3919/3/6 3923/3/6
f 3920/3/6 3921/3/6 3924/3/6
f 3924/3/6 3921/3/6 3925/3/6
f 3926/3/6 3927/3/6 3931/3/6
f 3931/3/6 3927/3/6 3932/3/6
f 3928/3/6 3929/3/6 3933/3/6
f 3933/3/6 3929/3/6 3934/3/6
f 3930/3/6 3931/3/6 3936/3/6
f 3936/3/6 3931/3/6 3937/3/6
f 3934/3/6 3935/3/6 3938/3/6
f 3938/3/6 3935/3/6 3939/3/6
f 3940/3/6 3941/3/6 3944/3/6
f 3944/3/6 3941/3/6 3945/3/6
f 3942/3/6 3943/3/6 3946/3/6
f 3946/3/6 3943/3/6 3947/3/6
f 3945/3/6 3941/3/6 3950/3/6
f 3950/3/6 3941/3/6 3951/3/6
f 3942/3/6 3946/3/6 3952/3/6
f 3952/3/6 3946/3/6 3953/3/6
f 3948/3/6 3949/3/6 3956/3/6
f 3956/3/6 3949/3/6 3957/3/6
f 3954/3/6 3955/3/6 3958/3/6
f 3958/3/6 3955/3/6 3959/3/6
f 3960/3/6 3961/3/6 3964/3/6
f 3964/3/6 3961/3/6 3965/3/6
f 3962/3/6 3963/3/6 3966/3/6
f 3966/3/6 3963/3/6 3967/3/6
f 3968/3/6 3969/3/6 3972/3/6
f 3972/3/6 3969/3/6 3973/3/6
f 3970/3/6 3971/3/6 3974/3/6
f 3974/3/6 3971/3/6 3975/3/6
f 3976/3/6 3977/3/6 3980/3/6
f 3980/3/6 3977/3/6 3981/3/6
f 3978/3/6 3979/3/6 3982/3/6
f 3982/3/6 3979/3/6 3983/3/6
f 3984/3/6 3985/3/6 3988/3/6
f 3988/3/6 3985/3/6 3989/3/6
f 3986/3/6 3987/3/6 3990/3/6
f 3990/3/6 3987/3/6 3991/3/6
f 3992/3/6 3993/3/6 3997/3/6
f 3997/3/6 3993/3/6 3998/3/6
f 3998/3/6 3993/3/6 3999/3/6
f 3994/3/6 3995/3/6 4000/3/6
f 4000/3/6 3995/3/6 4001/3/6
f 4001/3/6 3995/3/6 4002/3/6
f 3996/3/6 3997/3/6 4004/3/6
f 4004/3/6 3997/3/6 4005/3/6
f 4002/3/6 4003/3/6 4006/3/6
f 4006/3/6 4003/3/6 4007/3/6
f 4008/3/6 4009/3/6 4014/3/6
f 4009/3/6 4010/3/6 4014/3/6
f 4014/3/6 4010/3/6 4015/3/6
f 4012/3/6 4013/3/6 4016/3/6
f 4011/3/6 4012/3/6 4016/3/6
f 4016/3/6 4013/3/6 4017/3/6
f 4018/4/6 4019/4/6 4022/4/6
f 4022/4/6 4019/4/6 4023/4/6
f 4020/4/6 4021/4/6 4024/4/6
f 4024/4/6 4021/4/6 4025/4/6
f 4026/3/6 4027/3/6 4028/3/6
f 4028/3/6 4027/3/6 4029/3/6
f 4030/3/6 4031/3/6 4034/3/6
f 4034/3/6 4031/3/6 4035/3/6
f 4032/3/6 4033/3/6 4036/3/6
f 4036/3/6 4033/3/6 4037/3/6
f 4038/3/6 4039/3/6 4042/3/6
f 4042/3/6 4039/3/6 4043/3/6
f 4040/3/6 4041/3/6 4044/3/6
f 4044/3/6 4041/3/6 4045/3/6
f 4046/3/6 4047/3/6 4050/3/6
f 4050/3/6 4047/3/6 4051/3/6
f 4048/3/6 4049/3/6 4052/3/6
f 4052/3/6 4049/3/6 4053/3/6
f 4054/3/6 4055/3/6 4058/3/6
f 4058/3/6 4055/3/6 4059/3/6
f 4056/3/6 4057/3/6 4064/3/6
f 4064/3/6 4057/3/6 4065/3/6
f 4060/3/6 4061/3/6 4066/3/6
f 4066/3/6 4061/3/6 4067/3/6
f 4062/3/6 4063/3/6 4070/3/6
f 4070/3/6 4063/3/6 4071/3/6
f 4068/3/6 4069/3/6 4072/3/6
f 4072/3/6 4069/3/6 4073/3/6
f 4074/4/6 4075/4/6 4076/4/6
f 4076/4/6 4075/4/6 4077/4/6
f 4078/3/6 4079/3/6 4086/3/6
f 4086/3/6 4079/3/6 4087/3/6
f 4080/3/6 4081/3/6 4088/3/6
f 4088/3/6 4081/3/6 4089/3/6
f 4082/3/6 4083/3/6 4090/3/6
f 4090/3/6 4083/3/6 4091/3/6
f 4084/3/6 4085/3/6 4092/3/6
f 4092/3/6 4085/3/6 4093/3/6
f 4094/3/6 4095/3/6 4098/3/6
f 4098/3/6 4095/3/6 4099/3/6
f 4096/3/6 4097/3/6 4104/3/6
f 4104/3/6 4097/3/6 4105/3/6
f 4100/3/6 4101/3/6 4106/3/6
f 4106/3/6 4101/3/6 4107/3/6
f 4102/3/6 4103/3/6 4108/3/6
f 4108/3/6 4103/3/6 4109/3/6
f 4106/3/6 4107/3/6 4110/3/6
f 4107/3/6 4108/3/6 4110/3/6
f 4108/3/6 4109/3/6 4110/3/6
f 4110/3/6 4109/3/6 4111/3/6
f 4112/3/6 4113/3/6 4117/3/6
f 4114/3/6 4115/3/6 4118/3/6
f 4116/3/6 4117/3/6 4121/3/6
f 4117/3/6 4113/3/6 4122/3/6
f 4121/3/6 4117/3/6 4122/3/6
f 4118/3/6 4119/3/6 4123/3/6
f 4114/3/6 4118/3/6 4123/3/6
f 4123/3/6 4119/3/6 4124/3/6
f 4120/3/6 4121/3/6 4127/3/6
f 4127/3/6 4121/3/6 4128/3/6
f 4122/3/6 4113/3/6 4129/3/6
f 4129/3/6 4113/3/6 4130/3/6
f 4114/3/6 4123/3/6 4131/3/6
f 4131/3/6 4123/3/6 4132/3/6
f 4124/3/6 4125/3/6 4133/3/6
f 4133/3/6 4125/3/6 4134/3/6
f 4126/3/6 4127/3/6 4136/3/6
f 4136/3/6 4127/3/6 4137/3/6
f 4134/3/6 4135/3/6 4138/3/6
f 4138/3/6 4135/3/6 4139/3/6
f 4128/3/6 4129/3/6 4140/3/6
f 4140/3/6 4129/3/6 4141/3/6
f 4132/3/6 4133/3/6 4142/3/6
f 4142/3/6 4133/3/6 4143/3/6
f 4144/3/6 4145/3/6 4151/3/6
f 4151/3/6 4145/3/6 4152/3/6
f 4146/3/6 4147/3/6 4153/3/6
f 4153/3/6 4147/3/6 4154/3/6
f 4148/3/6 4149/3/6 4155/3/6
f 4155/3/6 4149/3/6 4156/3/6
f 4150/3/6 4151/3/6 4158/3/6
f 4158/3/6 4151/3/6 4159/3/6
f 4156/3/6 4157/3/6 4160/3/6
f 4160/3/6 4157/3/6 4161/3/6
f 4162/3/6 4163/3/6 4168/3/6
f 4168/3/6 4163/3/6 4169/3/6
f 4164/3/6 4165/3/6 4170/3/6
f 4170/3/6 4165/3/6 4171/3/6
f 4166/3/6 4167/3/6 4172/3/6
f 4172/3/6 4167/3/6 4173/3/6
f 4174/3/6 4175/3/6 4179/3/6
f 4179/3/6 4175/3/6 4180/3/6
f 4176/3/6 4177/3/6 4181/3/6
f 4181/3/6 4177/3/6 4182/3/6
f 4178/3/6 4179/3/6 4185/3/6
f 4182/3/6 4183/3/6 4186/3/6
f 4184/3/6 4185/3/6 4189/3/6
f 4185/3/6 4179/3/6 4190/3/6
f 4189/3/6 4185/3/6 4190/3/6
f 4186/3/6 4187/3/6 4191/3/6
f 4182/3/6 4186/3/6 4191/3/6
f 4191/3/6 4187/3/6 4192/3/6
f 4188/3/6 4189/3/6 4194/3/6
f 4194/3/6 4189/3/6 4195/3/6
f 4190/3/6 4179/3/6 4196/3/6
f 4196/3/6 4179/3/6 4197/3/6
f 4182/3/6 4191/3/6 4198/3/6
f 4198/3/6 4191/3/6 4199/3/6
f 4192/3/6 4193/3/6 4200/3/6
f 4200/3/6 4193/3/6 4201/3/6
f 4202/3/6 4203/3/6 4207/3/6
f 4207/3/6 4203/3/6 4208/3/6
f 4204/3/6 4205/3/6 4209/3/6
f 4209/3/6 4205/3/6 4210/3/6
f 4206/3/6 4207/3/6 4213/3/6
f 4213/3/6 4207/3/6 4214/3/6
f 4210/3/6 4211/3/6 4215/3/6
f 4215/3/6 4211/3/6 4216/3/6
f 4212/3/6 4213/3/6 4218/3/6
f 4218/3/6 4213/3/6 4219/3/6
f 4216/3/6 4217/3/6 4220/3/6
f 4220/3/6 4217/3/6 4221/3/6
f 4222/3/6 4223/3/6 4227/3/6
f 4224/3/6 4225/3/6 4228/3/6
f 4226/3/6 4227/3/6 4231/3/6
f 4231/3/6 4227/3/6 4232/3/6
f 4227/3/6 4223/3/6 4233/3/6
f 4232/3/6 4227/3/6 4233/3/6
f 4233/3/6 4223/3/6 4234/3/6
f 4228/3/6 4229/3/6 4235/3/6
f 4224/3/6 4228/3/6 4235/3/6
f 4235/3/6 4229/3/6 4236/3/6
f 4236/3/6 4229/3/6 4237/3/6
f 4237/3/6 4229/3/6 4238/3/6
f 4230/3/6 4231/3/6 4241/3/6
f 4241/3/6 4231/3/6 4242/3/6
f 4232/3/6 4233/3/6 4243/3/6
f 4243/3/6 4233/3/6 4244/3/6
f 4236/3/6 4237/3/6 4245/3/6
f 4245/3/6 4237/3/6 4246/3/6
f 4238/3/6 4239/3/6 4247/3/6
f 4247/3/6 4239/3/6 4248/3/6
f 4240/3/6 4241/3/6 4250/3/6
f 4250/3/6 4241/3/6 4251/3/6
f 4248/3/6 4249/3/6 4252/3/6
f 4252/3/6 4249/3/6 4253/3/6
f 4254/3/6 4255/3/6 4259/3/6
f 4256/3/6 4257/3/6 4260/3/6
f 4258/3/6 4259/3/6 4263/3/6
f 4259/3/6 4255/3/6 4264/3/6
f 4263/3/6 4259/3/6 4264/3/6
f 4260/3/6 4261/3/6 4265/3/6
f 4256/3/6 4260/3/6 4265/3/6
f 4265/3/6 4261/3/6 4266/3/6
f 4262/3/6 4263/3/6 4268/3/6
f 4268/3/6 4263/3/6 4269/3/6
f 4264/3/6 4255/3/6 4270/3/6
f 4270/3/6 4255/3/6 4271/3/6
f 4256/3/6 4265/3/6 4272/3/6
f 4272/3/6 4265/3/6 4273/3/6
f 4266/3/6 4267/3/6 4274/3/6
f 4274/3/6 4267/3/6 4275/3/6
f 4276/3/6 4277/3/6 4282/3/6
f 4282/3/6 4277/3/6 4283/3/6
f 4278/3/6 4279/3/6 4286/3/6
f 4286/3/6 4279/3/6 4287/3/6
f 4283/3/6 4284/3/6 4290/3/6
f 4290/3/6 4284/3/6 4291/3/6
f 4285/3/6 4286/3/6 4292/3/6
f 4292/3/6 4286/3/6 4293/3/6
f 4280/3/6 4281/3/6 4294/3/6
f 4294/3/6 4281/3/6 4295/3/6
f 4288/3/6 4289/3/6 4296/3/6
f 4296/3/6 4289/3/6 4297/3/6
f 4298/3/6 4299/3/6 4302/3/6
f 4300/3/6 4301/3/6 4305/3/6
f 4302/3/6 4303/3/6 4306/3/6
f 4298/3/6 4302/3/6 4306/3/6
f 4306/3/6 4303/3/6 4307/3/6
f 4304/3/6 4305/3/6 4308/3/6
f 4305/3/6 4301/3/6 4309/3/6
f 4308/3/6 4305/3/6 4309/3/6
f 4298/3/6 4306/3/6 4310/3/6
f 4310/3/6 4306/3/6 4311/3/6
f 4309/3/6 4301/3/6 4312/3/6
f 4312/3/6 4301/3/6 4313/3/6
f 4314/3/6 4315/3/6 4318/3/6
f 4318/3/6 4315/3/6 4319/3/6
f 4316/3/6 4317/3/6 4320/3/6
f 4320/3/6 4317/3/6 4321/3/6
f 4322/4/6 4323/4/6 4326/4/6
f 4326/4/6 4323/4/6 4327/4/6
f 4324/4/6 4325/4/6 4328/4/6
f 4328/4/6 4325/4/6 4329/4/6
f 4330/3/6 4331/3/6 4339/3/6
f 4339/3/6 4331/3/6 4340/3/6
f 4332/3/6 4333/3/6 4343/3/6
f 4343/3/6 4333/3/6 4344/3/6
f 4334/3/6 4335/3/6 4345/3/6
f 4345/3/6 4335/3/6 4346/3/6
f 4336/3/6 4337/3/6 4349/3/6
f 4349/3/6 4337/3/6 4350/3/6
f 4338/3/6 4339/3/6 4352/3/6
f 4352/3/6 4339/3/6 4353/3/6
f 4341/3/6 4342/3/6 4354/3/6
f 4354/3/6 4342/3/6 4355/3/6
f 4347/3/6 4348/3/6 4356/3/6
f 4356/3/6 4348/3/6 4357/3/6
f 4350/3/6 4351/3/6 4358/3/6
f 4358/3/6 4351/3/6 4359/3/6
f 4360/3/6 4361/3/6 4364/3/6
f 4364/3/6 4361/3/6 4365/3/6
f 4362/3/6 4363/3/6 4368/3/6
f 4368/3/6 4363/3/6 4369/3/6
f 4365/3/6 4366/3/6 4370/3/6
f 4370/3/6 4366/3/6 4371/3/6
f 4367/3/6 4368/3/6 4372/3/6
f 4372/3/6 4368/3/6 4373/3/6
f 4374/3/6 4375/3/6 4378/3/6
f 4378/3/6 4375/3/6 4379/3/6
f 4376/3/6 4377/3/6 4380/3/6
f 4380/3/6 4377/3/6 4381/3/6
f 4382/3/6 4383/3/6 4389/3/6
f 4389/3/6 4383/3/6 4390/3/6
f 4384/3/6 4385/3/6 4393/3/6
f 4393/3/6 4385/3/6 4394/3/6
f 4386/3/6 4387/3/6 4397/3/6
f 4397/3/6 4387/3/6 4398/3/6
f 4388/3/6 4389/3/6 4401/3/6
f 4401/3/6 4389/3/6 4402/3/6
f 4391/3/6 4392/3/6 4405/3/6
f 4405/3/6 4392/3/6 4406/3/6
f 4395/3/6 4396/3/6 4407/3/6
f 4407/3/6 4396/3/6 4408/3/6
f 4398/3/6 4399/3/6 4411/3/6
f 4411/3/6 4399/3/6 4412/3/6
f 4400/3/6 4401/3/6 4414/3/6
f 4414/3/6 4401/3/6 4415/3/6
f 4403/3/6 4404/3/6 4417/3/6
f 4417/3/6 4404/3/6 4418/3/6
f 4409/3/6 4410/3/6 4419/3/6
f 4419/3/6 4410/3/6 4420/3/6
f 4412/3/6 4413/3/6 4422/3/6
f 4422/3/6 4413/3/6 4423/3/6
f 4415/3/6 4416/3/6 4424/3/6
f 4424/3/6 4416/3/6 4425/3/6
f 4421/3/6 4422/3/6 4426/3/6
f 4426/3/6 4422/3/6 4427/3/6
f 4428/4/6 4429/4/6 4432/4/6
f 4432/4/6 4429/4/6 4433/4/6
f 4430/4/6 4431/4/6 4438/4/6
f 4438/4/6 4431/4/6 4439/4/6
f 4434/3/6 4435/3/6 4440/3/6
f 4440/3/6 4435/3/6 4441/3/6
f 4436/3/6 4437/3/6 4446/3/6
f 4446/3/6 4437/3/6 4447/3/6
f 4442/3/6 4443/3/6 4448/3/6
f 4448/3/6 4443/3/6 4449/3/6
f 4444/3/6 4445/3/6 4450/3/6
f 4450/3/6 4445/3/6 4451/3/6
f 4452/1/6 4453/1/6 4454/1/6
f 4454/1/6 4453/1/6 4455/1/6
f 4456/3/6 4457/3/6 4465/3/6
f 4465/3/6 4457/3/6 4466/3/6
f 4458/3/6 4459/3/6 4469/3/6
f 4469/3/6 4459/3/6 4470/3/6
f 4460/3/6 4461/3/6 4471/3/6
f 4471/3/6 4461/3/6 4472/3/6
f 4462/3/6 4463/3/6 4475/3/6
f 4475/3/6 4463/3/6 4476/3/6
f 4466/3/6 4467/3/6 4478/3/6
f 4464/3/6 4465/3/6 4478/3/6
f 4465/3/6 4466/3/6 4478/3/6
f 4478/3/6 4467/3/6 4479/3/6
f 4479/3/6 4467/3/6 4480/3/6
f 4468/3/6 4469/3/6 4481/3/6
f 4481/3/6 4469/3/6 4482/3/6
f 4482/3/6 4469/3/6 4483/3/6
f 4472/3/6 4473/3/6 4484/3/6
f 4484/3/6 4473/3/6 4485/3/6
f 4485/3/6 4473/3/6 4486/3/6
f 4476/3/6 4477/3/6 4487/3/6
f 4475/3/6 4476/3/6 4487/3/6
f 4474/3/6 4475/3/6 4487/3/6
f 4487/3/6 4477/3/6 4488/3/6
f 4488/3/6 4477/3/6 4489/3/6
f 4480/4/6 4481/4/6 4492/4/6
f 4481/3/6 4482/3/6 4493/3/6
f 4492/4/6 4481/4/6 4493/4/6
f 4493/3/6 4482/3/6 4494/3/6
f 4485/3/6 4486/3/6 4495/3/6
f 4486/4/6 4487/4/6 4496/4/6
f 4495/3/6 4486/3/6 4496/3/6
f 4496/4/6 4487/4/6 4497/4/6
f 4490/3/6 4491/3/6 4500/3/6
f 4500/3/6 4491/3/6 4501/3/6
f 4498/3/6 4499/3/6 4504/3/6
f 4504/3/6 4499/3/6 4505/3/6
f 4501/4/6 4502/4/6 4506/4/6
f 4506/4/6 4502/4/6 4507/4/6
f 4503/4/6 4504/4/6 4512/4/6
f 4512/4/6 4504/4/6 4513/4/6
f 4507/4/6 4508/4/6 4514/4/6
f 4508/3/6 4509/3/6 4515/3/6
f 4514/4/6 4508/4/6 4515/4/6
f 4515/3/6 4509/3/6 4516/3/6
f 4510/3/6 4511/3/6 4519/3/6
f 4511/4/6 4512/4/6 4520/4/6
f 4519/3/6 4511/3/6 4520/3/6
f 4520/4/6 4512/4/6 4521/4/6
f 4516/3/6 4517/3/6 4522/3/6
f 4522/3/6 4517/3/6 4523/3/6
f 4518/3/6 4519/3/6 4526/3/6
f 4526/3/6 4519/3/6 4527/3/6
f 4524/3/6 4525/3/6 4528/3/6
f 4528/3/6 4525/3/6 4529/3/6
f 4530/3/6 4531/3/6 4533/3/6
f 4533/3/6 4531/3/6 4534/3/6
f 4532/3/6 4533/3/6 4539/3/6
f 4539/3/6 4533/3/6 4540/3/6
f 4534/3/6 4535/3/6 4541/3/6
f 4541/3/6 4535/3/6 4542/3/6
f 4536/3/6 4537/3/6 4546/3/6
f 4546/3/6 4537/3/6 4547/3/6
f 4547/3/6 4537/3/6 4548/3/6
f 4538/3/6 4539/3/6 4550/3/6
f 4550/3/6 4539/3/6 4551/3/6
f 4542/3/6 4543/3/6 4552/3/6
f 4552/3/6 4543/3/6 4553/3/6
f 4544/3/6 4545/3/6 4555/3/6
f 4555/3/6 4545/3/6 4556/3/6
f 4556/3/6 4545/3/6 4557/3/6
f 4548/4/6 4549/4/6 4558/4/6
f 4554/4/6 4555/4/6 4559/4/6
f 4558/4/6 4549/4/6 4560/4/6
f 4549/3/6 4550/3/6 4561/3/6
f 4560/4/6 4549/4/6 4561/4/6
f 4561/3/6 4550/3/6 4562/3/6
f 4553/3/6 4554/3/6 4567/3/6
f 4554/4/6 4559/4/6 4568/4/6
f 4567/3/6 4554/3/6 4568/3/6
f 4568/4/6 4559/4/6 4569/4/6
f 4562/3/6 4563/3/6 4570/3/6
f 4563/3/6 4564/3/6 4570/3/6
f 4570/3/6 4564/3/6 4571/3/6
f 4565/3/6 4566/3/6 4572/3/6
f 4566/3/6 4567/3/6 4572/3/6
f 4572/3/6 4567/3/6 4573/3/6
f 4571/3/6 4572/3/6 4574/3/6
f 4574/3/6 4572/3/6 4575/3/6
f 4576/4/6 4577/4/6 4581/4/6
f 4581/4/6 4577/4/6 4582/4/6
f 4578/4/6 4579/4/6 4583/4/6
f 4583/4/6 4579/4/6 4584/4/6
f 4580/4/6 4581/4/6 4589/4/6
f 4589/4/6 4581/4/6 4590/4/6
f 4584/4/6 4585/4/6 4591/4/6
f 4591/4/6 4585/4/6 4592/4/6
f 4586/3/6 4587/3/6 4596/3/6
f 4596/3/6 4587/3/6 4597/3/6
f 4588/3/6 4589/3/6 4598/3/6
f 4592/3/6 4593/3/6 4601/3/6
f 4594/3/6 4595/3/6 4602/3/6
f 4602/3/6 4595/3/6 4603/3/6
f 4588/3/6 4598/3/6 4604/3/6
f 4598/4/6 4599/4/6 4605/4/6
f 4604/3/6 4598/3/6 4605/3/6
f 4605/4/6 4599/4/6 4606/4/6
f 4600/4/6 4601/4/6 4607/4/6
f 4601/3/6 4593/3/6 4608/3/6
f 4607/4/6 4601/4/6 4608/4/6
f 4608/3/6 4593/3/6 4609/3/6
f 4606/4/6 4607/4/6 4610/4/6
f 4610/4/6 4607/4/6 4611/4/6
f 4612/4/6 4613/4/6 4616/4/6
f 4616/4/6 4613/4/6 4617/4/6
f 4614/4/6 4615/4/6 4620/4/6
f 4620/4/6 4615/4/6 4621/4/6
f 4617/4/6 4618/4/6 4622/4/6
f 4622/4/6 4618/4/6 4623/4/6
f 4619/4/6 4620/4/6 4624/4/6
f 4624/4/6 4620/4/6 4625/4/6
f 4626/1/6 4627/1/6 4628/1/6
f 4628/1/6 4627/1/6 4629/1/6
f 4630/3/6 4631/3/6 4632/3/6
f 4632/3/6 4631/3/6 4633/3/6
f 4634/3/6 4635/3/6 4638/3/6
f 4638/3/6 4635/3/6 4639/3/6
f 4636/3/6 4637/3/6 4640/3/6
f 4640/3/6 4637/3/6 4641/3/6
f 4642/3/6 4643/3/6 4646/3/6
f 4646/3/6 4643/3/6 4647/3/6
f 4644/3/6 4645/3/6 4648/3/6
f 4648/3/6 4645/3/6 4649/3/6
f 4650/3/6 4651/3/6 4655/3/6
f 4655/3/6 4651/3/6 4656/3/6
f 4652/3/6 4653/3/6 4657/3/6
f 4657/3/6 4653/3/6 4658/3/6
f 4654/3/6 4655/3/6 4661/3/6
f 4661/3/6 4655/3/6 4662/3/6
f 4662/3/6 4655/3/6 4663/3/6
f 4658/3/6 4659/3/6 4664/3/6
f 4664/3/6 4659/3/6 4665/3/6
f 4665/3/6 4659/3/6 4666/3/6
f 4660/3/6 4661/3/6 4668/3/6
f 4661/3/6 4662/3/6 4668/3/6
f 4668/3/6 4662/3/6 4669/3/6
f 4666/3/6 4667/3/6 4670/3/6
f 4665/3/6 4666/3/6 4670/3/6
f 4670/3/6 4667/3/6 4671/3/6
f 4669/3/6 4662/3/6 4672/3/6
f 4672/3/6 4662/3/6 4673/3/6
f 4665/3/6 4670/3/6 4674/3/6
f 4674/3/6 4670/3/6 4675/3/6
f 4676/3/6 4677/3/6 4680/3/6
f 4680/3/6 4677/3/6 4681/3/6
f 4678/3/6 4679/3/6 4682/3/6
f 4682/3/6 4679/3/6 4683/3/6
f 4684/3/6 4685/3/6 4688/3/6
f 4688/3/6 4685/3/6 4689/3/6
f 4686/3/6 4687/3/6 4692/3/6
f 4692/3/6 4687/3/6 4693/3/6
f 4690/3/6 4691/3/6 4694/3/6
f 4694/3/6 4691/3/6 4695/3/6
f 4696/3/6 4697/3/6 4700/3/6
f 4700/3/6 4697/3/6 4701/3/6
f 4701/3/6 4697/3/6 4702/3/6
f 4698/3/6 4699/3/6 4703/3/6
f 4703/3/6 4699/3/6 4704/3/6
f 4704/3/6 4699/3/6 4705/3/6
f 4701/3/6 4702/3/6 4706/3/6
f 4703/3/6 4704/3/6 4706/3/6
f 4702/3/6 4703/3/6 4706/3/6
f 4706/3/6 4704/3/6 4707/3/6
f 4707/3/6 4704/3/6 4708/3/6
f 4708/3/6 4704/3/6 4709/3/6
f 4710/3/6 4711/3/6 4716/3/6
f 4716/3/6 4711/3/6 4717/3/6
f 4712/3/6 4713/3/6 4718/3/6
f 4718/3/6 4713/3/6 4719/3/6
f 4714/3/6 4715/3/6 4722/3/6
f 4720/3/6 4721/3/6 4725/3/6
f 4722/3/6 4723/3/6 4726/3/6
f 4714/3/6 4722/3/6 4726/3/6
f 4726/3/6 4723/3/6 4727/3/6
f 4724/3/6 4725/3/6 4728/3/6
f 4725/3/6 4721/3/6 4729/3/6
f 4728/3/6 4725/3/6 4729/3/6
f 4727/3/6 4728/3/6 4730/3/6
f 4730/3/6 4728/3/6 4731/3/6
f 4731/3/6 4728/3/6 4732/3/6
f 4732/3/6 4728/3/6 4733/3/6
f 4734/1/6 4735/1/6 4736/1/6
f 4736/1/6 4735/1/6 4737/1/6
f 4738/3/6 4739/3/6 4742/3/6
f 4740/3/6 4741/3/6 4743/3/6
f 4738/3/6 4742/3/6 4744/3/6
f 4742/3/6 4743/3/6 4744/3/6
f 4744/3/6 4743/3/6 4745/3/6
f 4743/3/6 4741/3/6 4746/3/6
f 4745/3/6 4743/3/6 4746/3/6
f 4746/3/6 4741/3/6 4747/3/6
f 4745/3/6 4746/3/6 4748/3/6
f 4748/3/6 4746/3/6 4749/3/6
f 4749/3/6 4746/3/6 4750/3/6
f 4750/3/6 4746/3/6 4751/3/6
f 4752/1/6 4753/1/6 4754/1/6
f 4754/1/6 4753/1/6 4755/1/6
f 4756/3/6 4757/3/6 4759/3/6
f 4759/3/6 4757/3/6 4760/3/6
f 4758/3/6 4759/3/6 4762/3/6
f 4762/3/6 4759/3/6 4763/3/6
f 4760/3/6 4761/3/6 4764/3/6
f 4764/3/6 4761/3/6 4765/3/6
f 4766/1/6 4767/1/6 4768/1/6
f 4768/1/6 4767/1/6 4769/1/6
f 4770/3/6 4771/3/6 4772/3/6
f 4772/3/6 4771/3/6 4773/3/6
f 4773/3/6 4771/3/6 4774/3/6
f 4772/1/6 4773/1/6 4775/1/6
f 4775/1/6 4773/1/6 4776/1/6
f 4777/1/6 4778/1/6 4779/1/6
f 4779/1/6 4778/1/6 4780/1/6
f 4781/1/6 4782/1/6 4783/1/6
f 4783/1/6 4782/1/6 4784/1/6
