{"cameraMode":{"drawMode":0,"name":"Shaded","section":"Shading Mode"},"sceneLighting":true,"audioPlay":false,"sceneViewState":{"m_AlwaysRefresh":false,"showFog":true,"showSkybox":true,"showFlares":true,"showImageEffects":true,"showParticleSystems":true,"showVisualEffectGraphs":true,"m_FxEnabled":true},"in2DMode":false,"pivot":{"x":-14.261784553527832,"y":1.0343468189239503,"z":0.3208959102630615},"rotation":{"x":0.35184934735298159,"y":-0.010237530805170536,"z":0.0038534279447048904,"w":0.9360252022743225},"size":2.872340202331543,"orthographic":false}